X,Y,Z,section_name,source_layer,feature_type,confidence,use_as_hard,note,dist_F2_m,dist_F7_m,nearest
2299.3565309999976,-103.64587999973446,1844.38894439,K00,posuidai,fracture_hint,medium,0,,1481.3143703877638,43.254154160863536,F7
2298.5021179999458,-96.80571999959648,1828.64080364,K00,posuidai,fracture_hint,medium,0,,1480.9882587650454,36.89770150551786,F7
2300.5287020000396,-113.02990000043064,1847.51082251,K00,posuidai,fracture_hint,medium,0,,1481.8138222601708,51.54457142931462,F7
2299.617797999992,-105.73749999981374,1832.66455766,K00,posuidai,fracture_hint,medium,0,,1481.4204800824546,45.12897681411949,F7
2280.9463909999467,43.73981999978423,1799.2007992,K00,Z1,structure_hint,medium,0,,1481.3893645009791,96.71232885474768,F7
2284.1798870000057,17.853480000048876,1612.58741259,K00,Z1,structure_hint,medium,0,,1480.2976648491174,71.6342228104489,F7
2284.4035879999865,16.062610000371933,1599.6003996,K00,Z1,structure_hint,medium,0,,1480.2391141591988,69.89926826427252,F7
2284.55611200002,14.841550000011921,1591.50849151,K00,Z1,structure_hint,medium,0,,1480.200452272555,68.71633267467885,F7
2284.8408220000565,12.562250000424683,1575.42457542,K00,Z1,structure_hint,medium,0,,1480.131018338888,66.50819787214535,F7
2284.9730089999503,11.504010000266135,1568.23176823,K00,Z1,structure_hint,medium,0,,1480.0999930010285,65.48299881247122,F7
2285.2373829999706,9.387509999796748,1553.44655345,K00,Z1,structure_hint,medium,0,,1480.0402427234956,63.43258093222357,F7
2285.4305790000362,7.840839999727905,1542.45754246,K00,Z1,structure_hint,medium,0,,1479.998521581619,61.93420161621028,F7
2285.7559630000032,5.235930000431836,1523.77622378,K00,Z1,structure_hint,medium,0,,1479.9319648993398,59.41062339564687,F7
2285.888149000006,4.177679999731481,1516.18381618,K00,Z1,structure_hint,medium,0,,1479.906253524315,58.38541430085913,F7
2286.203364999965,1.6541699999943376,1498.1018981,K00,Z1,structure_hint,medium,0,,1479.8480460913738,55.94069454143865,F7
2286.4067290000385,0.026100000366568565,1486.51348651,K00,Z1,structure_hint,medium,0,,1479.812810077914,54.36345676428242,F7
2286.9151400000555,-4.044080000370741,1457.34265734,K00,Z1,structure_hint,medium,0,,1479.7326757903393,50.42035753372463,F7
2287.0371590000577,-5.020920000039041,1450.24975025,K00,Z1,structure_hint,medium,0,,1479.7151356299591,49.47401693613156,F7
2287.5354019999504,-9.009700000286102,1421.37862138,K00,Z1,structure_hint,medium,0,,1479.6503050548033,45.609776167618925,F7
2287.7285990000237,-10.55635999981314,1410.58941059,K00,Z1,structure_hint,medium,0,,1479.6281062533965,44.11140688673719,F7
2295.748222999973,-74.75891000032425,1831.34643135,K00,Z2,structure_hint,medium,0,,1480.155172840844,16.409949231469234,F7
2295.917693000054,-76.11564000044018,1820.94017094,K00,Z2,structure_hint,medium,0,,1480.196822415139,17.67073722248694,F7
2296.4825949999504,-80.63805999979377,1788.26451326,K00,Z2,structure_hint,medium,0,,1480.3447695881678,21.87335047953845,F7
2296.715617000009,-82.50356000009924,1775.36075036,K00,Z2,structure_hint,medium,0,,1480.4098808439524,23.60693015400509,F7
2297.0051290000556,-84.82129999995232,1758.78010878,K00,Z2,structure_hint,medium,0,,1480.4940982567834,25.76076928180184,F7
2297.344069999992,-87.53474999964237,1739.07758908,K00,Z2,structure_hint,medium,0,,1480.5973706393868,28.282335364106125,F7
2297.972522999975,-92.56594999972731,1702.86380286,K00,Z2,structure_hint,medium,0,,1480.802196719664,32.95775020436909,F7
2298.127870999975,-93.8096099998802,1694.05316905,K00,Z2,structure_hint,medium,0,,1480.8555002144212,34.11346356754831,F7
2298.375014999998,-95.78816999960691,1679.9006549,K00,Z2,structure_hint,medium,0,,1480.942481966718,35.952108239722904,F7
2298.6221590000205,-97.76673000026494,1666.3031413,K00,Z2,structure_hint,medium,0,,1481.032143078476,37.79075291279432,F7
2298.8622429999523,-99.68876000028104,1652.77500278,K00,Z2,structure_hint,medium,0,,1481.1218088375222,39.57686481651435,F7
2299.081142000039,-101.44120000023395,1640.91186591,K00,Z2,structure_hint,medium,0,,1481.2057645797277,41.2053797620082,F7
2300.3662930000573,-111.72970000002533,1566.88866689,K00,Z2,structure_hint,medium,0,,1481.7410296621138,50.40070132188436,F7
2300.938256000052,-116.30865999963135,1534.07425907,K00,Z2,structure_hint,medium,0,,1482.0025158036165,54.42910827589079,F7
2301.2489520000527,-118.7959899995476,1516.7998668,K00,Z2,structure_hint,medium,0,,1482.1505606104352,56.617372866795584,F7
2301.489034999977,-120.7180199995637,1503.61860362,K00,Z2,structure_hint,medium,0,,1482.2678516991452,58.30830680487031,F7
2301.651443999959,-122.01821000035852,1494.5998446,K00,Z2,structure_hint,medium,0,,1482.348625928855,59.45216764561223,F7
2301.7997299999697,-123.20535000041127,1485.58108558,K00,Z2,structure_hint,medium,0,,1482.4233828456013,60.49657177243082,F7
2302.046875,-125.18391000013798,1471.98357198,K00,Z2,structure_hint,medium,0,,1482.5501167826064,62.2372385124398,F7
2302.2022230000002,-126.42757000029087,1462.68731269,K00,Z2,structure_hint,medium,0,,1482.6311451830454,63.331366174548,F7
2302.442306000041,-128.34960000030696,1448.81229881,K00,Z2,structure_hint,medium,0,,1482.7584450981371,65.02230011257898,F7
2302.604715000023,-129.64979999978095,1439.51603952,K00,Z2,structure_hint,medium,0,,1482.845987984431,66.16617021914618,F7
2302.8165530000115,-131.34571000002325,1426.1960262,K00,Z2,structure_hint,medium,0,,1482.961906841182,67.65817182106797,F7
2051.233988999971,33.50023999996483,1774.11613036,K07,D,fracture_hint,medium,0,,1253.7569368052684,60.29950245499596,F7
2051.2349170000525,40.10558000020683,1759.9779978,K07,D,fracture_hint,medium,0,,1255.078884231851,66.8394666487194,F7
2051.246656000032,123.66007999982685,1746.24381188,K07,Z1,structure_hint,medium,0,,1274.64076522247,149.1459750606685,F7
2051.2443859999767,107.50535999983549,1666.16138958,K07,Z1,structure_hint,medium,0,,1270.4536369866385,133.4408514365363,F7
2051.2433830000227,100.3634299999103,1630.00816488,K07,Z1,structure_hint,medium,0,,1268.663697123149,126.49768612915295,F7
2051.242181999958,91.81888999976218,1588.40166048,K07,Z1,structure_hint,medium,0,,1266.571817814318,118.04094839227488,F7
2051.2412939999485,85.49767000041902,1557.19678218,K07,Z1,structure_hint,medium,0,,1265.0591683404016,111.78229215694488,F7
2051.2402249999577,77.88820999953896,1519.22579758,K07,Z1,structure_hint,medium,0,,1263.277801153231,104.24814616728791,F7
2051.238153000013,63.13896999973804,1446.6163882,K07,Z1,structure_hint,medium,0,,1259.9487205890289,89.64488557285298,F7
1828.1457060000394,187.87781000044197,1649.89349012,K15,Z1,structure_hint,medium,0,,1083.3121395244734,157.97726179019386,F7
1828.142341000028,154.54856000002474,1531.19887526,K15,Z1,structure_hint,medium,0,,1071.3896062306903,124.93856354557458,F7
1828.1420940000098,152.09944999963045,1522.40115883,K15,Z1,structure_hint,medium,0,,1070.549200265442,122.5150200774166,F7
1828.141598999966,147.20122000016272,1505.25306748,K15,Z1,structure_hint,medium,0,,1068.883236603145,117.67109921126584,F7
1828.141244999948,143.68728000018746,1492.57839127,K15,Z1,structure_hint,medium,0,,1067.7003339194669,114.19897427374264,F7
1828.1409869999625,141.13167999964207,1483.40789025,K15,Z1,structure_hint,medium,0,,1066.846484012031,111.67542824061992,F7
1828.140492000035,136.23345000017434,1465.4396728,K15,Z1,structure_hint,medium,0,,1065.2251635558005,106.8403759218318,F7
1828.1402450000169,133.78433999978006,1456.64195637,K15,Z1,structure_hint,medium,0,,1064.4220320724935,104.42286052766286,F7
1828.139697000035,128.35369000025094,1436.95892979,K15,Z1,structure_hint,medium,0,,1062.6591396247572,99.0622682754164,F7
1828.1394390000496,125.79810000024736,1427.19197342,K15,Z1,structure_hint,medium,0,,1061.8381441015267,96.5396464790652,F7
1828.1387940000277,119.40909999981523,1405.04856851,K15,Z1,structure_hint,medium,0,,1059.8098260062914,90.23306731067518,F7
-160.616268999991,35.86469000019133,1733.19711497,XK00,D1,fracture_hint,medium,0,,44.547912818489294,1546.9848569480596,F2
-160.63913000002503,35.73532999958843,1712.77790391,XK00,D1,fracture_hint,medium,0,,44.41691434590503,1547.0134183205237,F2
-232.24109400005545,-369.42050000000745,1844.82842023,XK00,Z1,structure_hint,medium,0,,366.1714557811733,1685.039449767917,F2
-228.94310799997766,-350.75901999976486,1778.55522373,XK00,Z1,structure_hint,medium,0,,347.2596115955558,1676.7147691202902,F2
-224.414877000032,-325.136269999668,1687.75141996,XK00,Z1,structure_hint,medium,0,,321.29310407948253,1665.568250211138,F2
-222.66109299997333,-315.21258000005037,1652.92064063,XK00,Z1,structure_hint,medium,0,,311.2362767317132,1661.3405953190472,F2
-219.67709600005765,-298.3277899995446,1593.4237528,XK00,Z1,structure_hint,medium,0,,294.12495879624765,1654.2636602685934,F2
-381.2697969999863,35.14867999963462,1820.76753787,XK03-1,D1,fracture_hint,medium,0,,7.064941828204183,1767.4775135468574,F2
-381.2425860000076,35.23486999981105,1800.41166049,XK03-1,D1,fracture_hint,medium,0,,6.975190989523088,1767.446956306441,F2
-345.46921400004067,148.54411000013351,1785.64181458,XK03-1,Z1,structure_hint,medium,0,,111.01539340930545,1730.8932622732295,F2
-347.44384700001683,142.2896199999377,1736.88238736,XK03-1,Z1,structure_hint,medium,0,,104.50250069111442,1732.7186132899697,F2
-349.8517940000165,134.66263999976218,1676.47750471,XK03-1,Z1,structure_hint,medium,0,,96.56041406347424,1734.975474070415,F2
-355.5111539999489,116.73708000034094,1539.09900202,XK03-1,Z1,structure_hint,medium,0,,77.89426371137236,1740.41292864335,F2
5.714829999953508,-77.99703999981284,1728.1869146,XK04,D,fracture_hint,medium,0,,15.23077451538116,1391.1298676532713,F2
-8.477476999978535,-104.7968699997291,1743.02547111,XK04,Z1,structure_hint,medium,0,,45.24268705133584,1408.9272850221057,F2
-7.70801499998197,-103.34386000037193,1739.49767704,XK04,Z1,structure_hint,medium,0,,43.61552856027069,1407.9513853640276,F2
-2.364525999990292,-93.25356000009924,1713.27562008,XK04,Z1,structure_hint,medium,0,,32.31586031180407,1401.2087782763265,F2
-1.2103320000460371,-91.0740599995479,1708.0748515,XK04,Z1,structure_hint,medium,0,,29.87513636358836,1399.7603413355905,F2
10.588091999990866,-68.79468000028282,1653.88502505,XK04,Z1,structure_hint,medium,0,,4.925471035530287,1385.1190998802722,F2
11.95602499996312,-66.21157000027597,1648.28419734,XK04,Z1,structure_hint,medium,0,,2.03276242972163,1383.4412622523344,F2
13.708689999999478,-62.90194999985397,1640.71944305,XK04,Z1,structure_hint,medium,0,,1.6735304673813451,1381.2975915882166,F2
14.905630999943241,-60.641719999723136,1635.66415051,XK04,Z1,structure_hint,medium,0,,4.203732123778915,1379.8375494559014,F2
17.34226199996192,-56.04055000003427,1625.11713731,XK04,Z1,structure_hint,medium,0,,9.346694546764862,1376.875217017835,F2
19.308667000033893,-52.32732000015676,1616.57041972,XK04,Z1,structure_hint,medium,0,,13.49716059787392,1374.4942863085992,F2
22.258273000014015,-46.75746999960393,1603.87763486,XK04,Z1,structure_hint,medium,0,,19.72286391751589,1370.9392842335435,F2
24.096433000057004,-43.28641000017524,1596.02192848,XK04,Z1,structure_hint,medium,0,,23.60264433846508,1368.7338577091466,F2
27.217030999949202,-37.39367999974638,1582.56539439,XK04,Z1,structure_hint,medium,0,,30.189248786811383,1365.0074812298813,F2
28.41397200000938,-35.13344999961555,1577.69194691,XK04,Z1,structure_hint,medium,0,,32.71562192441917,1363.584136261077,F2
32.261284000007436,-27.868440000340343,1562.23511722,XK04,Z1,structure_hint,medium,0,,40.836093354012206,1359.0316020977,F2
34.2704359999625,-24.07447999995202,1554.19756578,XK04,Z1,structure_hint,medium,0,,45.07679382164637,1356.6678942992323,F2
36.792562999995425,-19.311859999783337,1543.83239763,XK04,Z1,structure_hint,medium,0,,50.400216267993706,1353.7141182620717,F2
37.946757000056095,-17.132360000163317,1539.17716422,XK04,Z1,structure_hint,medium,0,,52.8363549890386,1352.3674014349815,F2
39.18644600000698,-14.791410000063479,1534.30371674,XK04,Z1,structure_hint,medium,0,,55.45295340879412,1350.924447798864,F2
69.0244899999816,41.552810000255704,1732.22387483,XK04,Z2,structure_hint,medium,0,,118.4317510241319,1317.3246732938046,F2
62.48405900003854,29.202290000393987,1701.67390555,XK04,Z2,structure_hint,medium,0,,104.6269465604969,1324.499985141416,F2
56.84133500000462,18.546930000185966,1674.43351628,XK04,Z2,structure_hint,medium,0,,92.71691053226898,1330.7772974437842,F2
48.63373500003945,3.0482400003820658,1635.6277815,XK04,Z2,structure_hint,medium,0,,75.39323590992338,1340.0491105715876,F2
42.82001899997704,-7.930010000243783,1608.56923729,XK04,Z2,structure_hint,medium,0,,63.12228929396303,1346.7162097216371,F2
37.177294000051916,-18.585359999909997,1582.38354934,XK04,Z2,structure_hint,medium,0,,51.21226240015028,1353.2648624961898,F2
55.21691399998963,15.479480000212789,1666.50507188,XK04,Z2_ore,structure_hint,medium,0,,89.28826565574391,1332.5991446029316,F2
54.66119100002106,14.43008999992162,1664.21382418,XK04,Z2_ore,structure_hint,medium,0,,88.1153089358927,1333.2239111205015,F2
39.998657000018284,-13.257690000347793,1595.36728628,XK04,Z2_ore,structure_hint,medium,0,,57.16727127986796,1349.9810459483535,F2
39.57117799995467,-14.064910000190139,1593.36699067,XK04,Z2_ore,structure_hint,medium,0,,56.264999865525866,1350.4773768082937,F2
-1231.021957000019,-24.151899999938905,1929.10375078,XK11,D1,fracture_hint,medium,0,,264.2377117623901,2619.027686084028,F2
-1145.233617000049,194.4476300003007,1876.25145536,XK11,D2,fracture_hint,medium,0,,29.827069540292506,2531.698206455473,F2
-1227.1354140000185,-14.248490000143647,1945.70286113,XK11,Z1,structure_hint,medium,0,,253.64556609655995,2614.6783287703115,F2
-1220.417837999994,2.868739999830723,1871.49333055,XK11,Z1,structure_hint,medium,0,,235.32175375499455,2607.246069153026,F2
-1219.2129549999954,5.938930000178516,1858.362716,XK11,Z1,structure_hint,medium,0,,232.0285524472597,2605.9244802437274,F2
-1213.3692359999986,20.829470000229776,1794.57330339,XK11,Z1,structure_hint,medium,0,,216.0564031790627,2599.56456480038,F2
-1208.1284229999874,34.183720000088215,1738.66275546,XK11,Z1,structure_hint,medium,0,,201.7321345071516,2593.931453670949,F2
-1746.9684020000277,314.122120000422,1867.01577854,XK15,D1,fracture_hint,medium,0,,79.89202225391065,3138.850289548895,F2
-1747.0256499999668,314.0023400001228,1852.41863062,XK15,D1,fracture_hint,medium,0,,80.02272906861816,3138.8994025572456,F2
-1781.3139580000425,242.26004000008106,1869.94286324,XK15,Z1,structure_hint,medium,0,,158.4183205104206,3169.177813107926,F2
-1775.8823730000295,253.62468000035733,1833.49801482,XK15,Z1,structure_hint,medium,0,,145.99083422819976,3164.26755588933,F2
-1772.8239870000398,260.02381999976933,1812.38957978,XK15,Z1,structure_hint,medium,0,,138.99323291072636,3161.52144439572,F2
-1770.503602999961,264.87882000021636,1797.13557146,XK15,Z1,structure_hint,medium,0,,133.68418296710055,3159.447011386937,F2
-1769.0269769999431,267.96839999966323,1787.488453,XK15,Z1,structure_hint,medium,0,,130.30565844927605,3158.1309656810045,F2
-1766.7063690000214,272.82387000042945,1772.97666927,XK15,Z1,structure_hint,medium,0,,124.99609472548052,3156.069118423567,F2
-1765.0711710000178,276.2452299995348,1763.49468259,XK15,Z1,structure_hint,medium,0,,121.25476085889832,3154.620957920788,F2
-1762.6973739999812,281.21198999974877,1750.13753477,XK15,Z1,structure_hint,medium,0,,115.82349922631364,3152.5256149281854,F2
-1760.2179949999554,286.39965999964625,1736.45063801,XK15,Z1,structure_hint,medium,0,,110.15069899265556,3150.345857347708,F2
-1757.000115999952,293.1325099999085,1718.55870252,XK15,Z1,structure_hint,medium,0,,102.79635683789256,3147.5302547910605,F2
-1754.520687000011,298.3202799996361,1705.03674456,XK15,Z1,structure_hint,medium,0,,97.1353452281845,3145.3711432207,F2
-1751.197250999976,305.2739899996668,1686.73259072,XK15,Z1,structure_hint,medium,0,,89.54730051230861,3142.4912371270216,F2
-1748.6648819999536,310.57252999953926,1673.54057469,XK15,Z1,structure_hint,medium,0,,83.76541447892039,3140.3077505656643,F2
-1745.3408729999792,317.52744000032544,1657.13321703,XK15,Z1,structure_hint,medium,0,,76.17606043517895,3137.456064989301,F2
-1741.7003440000117,325.14460999984294,1638.99438796,XK15,Z1,structure_hint,medium,0,,67.8640330221741,3134.351609492934,F2
-2108.173418999999,764.3435100000352,1838.64886642,XK19,Z1,structure_hint,medium,0,,167.06522509024492,3554.8558986721173,F2
-2113.688409000053,748.966649999842,1739.14769031,XK19,Z1,structure_hint,medium,0,,150.73921686223497,3557.456207380983,F2
-2115.596549000009,743.6463900003582,1704.47635253,XK19,Z1,structure_hint,medium,0,,145.0909112652163,3558.372913342619,F2
-2116.969478999963,739.8183899996802,1678.40148141,XK19,Z1,structure_hint,medium,0,,141.02706660737988,3559.0378996049158,F2
-2118.784539000015,734.7576500000432,1645.87908513,XK19,Z1,structure_hint,medium,0,,135.65479972891237,3559.923975131507,F2
-2122.71716999996,723.7927200002596,1573.02662529,XK19,Z1,structure_hint,medium,0,,124.01611913726616,3561.870891374896,F2
-2382.4677549999906,649.9193200003356,1837.83990719,xk23,Z1,structure_hint,medium,0,,49.90607466806355,3806.639389764461,F2
-2379.8601029999554,657.1891700001433,1790.95939675,xk23,Z1,structure_hint,medium,0,,42.70089795460894,3805.108329406476,F2
-2377.537662000046,663.6638700002804,1750.2424594,xk23,Z1,structure_hint,medium,0,,36.02798452219875,3803.757410507816,F2
-2369.7961949999444,685.2462299996987,1613.89675174,xk23,Z1,structure_hint,medium,0,,13.110836332904944,3799.340829073301,F2
-2368.777581000002,688.0860099997371,1596.33990719,xk23,Z1,structure_hint,medium,0,,10.095426042406558,3798.769620020376,F2
-2367.310777000035,692.1753000002354,1571.49883991,xk23,Z1,structure_hint,medium,0,,5.753228958093502,3797.951139505079,F2
-2366.821842000005,693.5383900003508,1562.90719258,xk23,Z1,structure_hint,medium,0,,4.305836007891789,3797.67937650881,F2
-2365.843971999944,696.2645899998024,1546.28422274,xk23,Z1,structure_hint,medium,0,,1.411031507173104,3797.137452115216,F2
-2364.9068470000057,698.8771900003776,1530.03480278,xk23,Z1,structure_hint,medium,0,,1.3631482368005094,3796.620107691633,F2
-2363.480787000037,702.8528800001368,1505.75406032,xk23,Z1,structure_hint,medium,0,,5.584720930109657,3795.836602193249,F2
-2362.5029179999838,705.5790799995884,1488.94431555,xk23,Z1,structure_hint,medium,0,,8.479525063397597,3795.3019671826673,F2
-2361.5657930000452,708.1916800001636,1472.50812065,xk23,Z1,structure_hint,medium,0,,11.253704807371207,3794.791610354466,F2
-2359.610054000048,713.6440599998459,1439.44895592,xk23,Z1,structure_hint,medium,0,,17.0432948410198,3793.7328375944207,F2
-2357.328358000028,720.0051699997857,1401.16009281,xk23,Z1,structure_hint,medium,0,,23.797816730954384,3792.508410617966,F2
-435.04770200001076,-389.3249599998817,1884.17696214,XKT03,D1,fracture_hint,medium,0,,434.1252064418605,1885.6449264902876,F2
-310.44615500001237,-7.519070000387728,1854.41445814,XKT03,D2,fracture_hint,medium,0,,36.21861978479994,1698.9826311480674,F2
-423.90313999995124,-355.1756300004199,1865.20493012,XKT03,Z1,structure_hint,medium,0,,398.4973429752321,1866.1922252686347,F2
-423.74483099998906,-354.690539999865,1863.65063245,XKT03,Z1,structure_hint,medium,0,,397.9912502926365,1865.9194201388827,F2
-423.3752760000061,-353.5581400003284,1859.69414789,XKT03,Z1,structure_hint,medium,0,,396.8098220205154,1865.282971865684,F2
-420.47291100001894,-344.6646699998528,1831.15157774,XKT03,Z1,structure_hint,medium,0,,387.5312993232743,1860.3034689577848,F2
-419.94518899999093,-343.0476200003177,1825.92347264,XKT03,Z1,structure_hint,medium,0,,385.84423712253806,1859.4016968918688,F2
-419.47025999997277,-341.5923399999738,1821.26057963,XKT03,Z1,structure_hint,medium,0,,384.32594887849183,1858.5910947393124,F2
-411.6594460000051,-317.6583200003952,1742.83871887,XKT03,Z1,structure_hint,medium,0,,359.3627703917205,1845.3907899014348,F2
-410.8676849999465,-315.2322000004351,1734.64321482,XKT03,Z1,structure_hint,medium,0,,356.83386890965943,1844.0666247922795,F2
-410.44547899998724,-313.93847000040114,1730.40419532,XKT03,Z1,structure_hint,medium,0,,355.4854660468747,1843.3615694667903,F2
-408.70393099996727,-308.6019900003448,1713.0242438,XKT03,Z1,structure_hint,medium,0,,349.9244867692922,1840.461083292774,F2
-406.32935999997426,-301.3257999997586,1689.85111731,XKT03,Z1,structure_hint,medium,0,,342.3432410948072,1836.5265873532865,F2
-405.85435999999754,-299.87029999960214,1685.04688573,XKT03,Z1,structure_hint,medium,0,,340.82671892304273,1835.7423642689405,F2
-405.59046400000807,-299.0616600001231,1682.3621639,XKT03,Z1,structure_hint,medium,0,,339.9841769152142,1835.3070785859024,F2
-404.6931859999895,-296.3122100001201,1673.17757425,XKT03,Z1,structure_hint,medium,0,,337.1194556681881,1833.829238664629,F2
-404.2180439999793,-294.85627000033855,1668.09066553,XKT03,Z1,structure_hint,medium,0,,335.60247533115864,1833.048032137542,F2
-402.31818800000474,-289.0346999997273,1649.15641635,XKT03,Z1,structure_hint,medium,0,,329.53683532034694,1829.9338545913365,F2
-401.8961239999626,-287.74141000024974,1645.20007399,XKT03,Z1,structure_hint,medium,0,,328.1893236705544,1829.2440864888345,F2
-401.42112399998587,-286.2859100000933,1640.39584241,XKT03,Z1,structure_hint,medium,0,,326.67280149879,1828.4687051202363,F2
-398.94132199999876,-278.68726000003517,1616.79898459,XKT03,Z1,structure_hint,medium,0,,318.75557719542496,1824.4362304472788,F2
-398.0440449999878,-275.9378100000322,1607.61439494,XKT03,Z1,structure_hint,medium,0,,315.8908561250642,1822.983580686922,F2
-397.14698099996895,-273.18902000039816,1598.853821,XKT03,Z1,structure_hint,medium,0,,313.0268223035072,1821.5347096442672,F2
-396.14440200000536,-270.1168999997899,1589.10416146,XKT03,Z1,structure_hint,medium,0,,309.82590336305617,1819.9194877964048,F2
-394.66682299994864,-265.5892799999565,1574.55027035,XKT03,Z1,structure_hint,medium,0,,305.1084622517368,1817.546867065936,F2
-393.29497299995273,-261.38563999999315,1561.40948052,XKT03,Z1,structure_hint,medium,0,,300.728583840639,1815.3524309729212,F2
-391.65922699996736,-256.3733599996194,1545.58396887,XKT03,Z1,structure_hint,medium,0,,295.50616342079616,1812.7464866563887,F2
-398.5520869999891,-277.49455999955535,1906.55627638,XKT03,Z2,structure_hint,medium,0,,317.5128730898812,1823.80565589957,F2
-397.8190900000045,-275.24849999975413,1899.19686752,XKT03,Z2,structure_hint,medium,0,,315.1726466748509,1822.619927119109,F2
-397.08604399999604,-273.0022900002077,1891.73930689,XKT03,Z2,structure_hint,medium,0,,312.83226396284704,1821.436412096236,F2
-388.47245300002396,-246.60840000025928,1803.52405869,XKT03,Z2,structure_hint,medium,0,,285.3318060138896,1807.7029400904005,F2
-387.59270799998194,-243.91267000045627,1794.39831271,XKT03,Z2,structure_hint,medium,0,,282.52305726730907,1806.318419532559,F2
-386.4198140000226,-240.31866999994963,1782.42695498,XKT03,Z2,structure_hint,medium,0,,278.7783783295954,1804.4778274174223,F2
-383.7441160000162,-232.11976000014693,1755.04981579,XKT03,Z2,structure_hint,medium,0,,270.2357276085198,1800.3015956413583,F2
-383.30416900001,-230.77166999969631,1750.33971513,XKT03,Z2,structure_hint,medium,0,,268.8311186121975,1799.617955175008,F2
-383.01101999997627,-229.873399999924,1747.49410337,XKT03,Z2,structure_hint,medium,0,,267.8951884219604,1799.16290269874,F2
-376.8542919999454,-211.00786000024527,1686.55843504,XKT03,Z2,structure_hint,medium,0,,248.2387080137796,1789.6943954869337,F2
-375.86490699998103,-207.97616999968886,1676.94222638,XKT03,Z2,structure_hint,medium,0,,245.079914063923,1788.1886714233774,F2
-374.47223800001666,-203.7087399996817,1663.00842545,XKT03,Z2,structure_hint,medium,0,,240.63357102336988,1786.0766972272113,F2
-373.5195150000509,-200.78938999958336,1653.78472518,XKT03,Z2,structure_hint,medium,0,,237.5918269592284,1784.6369617738414,F2
-372.1271920000436,-196.5230099996552,1640.53798673,XKT03,Z2,structure_hint,medium,0,,233.1465785292785,1782.540335420273,F2
-371.24759599997196,-193.82773999962956,1631.7066961,XKT03,Z2,structure_hint,medium,0,,230.33830887017425,1781.2203543554672,F2
-370.8444100000197,-192.5922900000587,1627.58540739,XKT03,Z2,structure_hint,medium,0,,229.0510625310961,1780.6164877273122,F2
-370.47808499995153,-191.46978999953717,1624.24923421,XKT03,Z2,structure_hint,medium,0,,227.88150163791096,1780.0684741761684,F2
-369.52541200001724,-188.55059999972582,1615.12368572,XKT03,Z2,structure_hint,medium,0,,224.83992389065372,1778.6461787095625,F2
