fault,Y,X,Z
F2,-214.07500864751637,822.1640345854685,1765.7628173828125
F2,-213.4135489873588,791.3223756793886,1764.545166015625
F2,-208.25416366942227,667.1002522362396,1747.634765625
F2,-203.88852993771434,610.7438895227388,1757.5152587890625
F2,-198.3322688266635,560.7375395102426,1740.6824951171875
F2,-190.7916287444532,496.8405367154628,1747.76123046875
F2,-178.4884791392833,437.70604344736785,1739.2509765625
F2,-165.78845373913646,380.5559291476384,1759.62890625
F2,-146.73841563612223,305.5464041279629,1803.2926025390625
F2,-136.0227692089975,263.0806941948831,1793.5804443359375
F2,-118.16335848532617,193.23055449593812,1765.07958984375
F2,-104.66958149895072,134.88981281407177,1791.4234619140625
F2,-87.60392236895859,80.51782907079905,1777.3858642578125
F2,-64.58512632921338,13.445819926448166,1740.9705810546875
F2,-38.78819973580539,-58.78557453677058,1759.0123291015625
F2,-22.51629219017923,-109.18880034331232,1755.1602783203125
F2,-7.4350120313465595,-171.1014241669327,1715.6724853515625
F2,8.04314392618835,-231.82342061121017,1737.05126953125
F2,24.711927263066173,-285.00477697514,1744.570068359375
F2,35.824449490755796,-346.9174008015543,1778.7943115234375
F2,48.92135068401694,-415.9737889133394,1830.2181396484375
F2,65.19325822405517,-487.41143178846687,1825.7957763671875
F2,77.8932836279273,-554.0865651387721,1812.108154296875
F2,91.78393640741706,-628.6992143625394,1787.5814208984375
F2,103.69021022133529,-694.580596126616,1811.82861328125
F2,116.39023562148213,-751.7307104263455,1834.3428955078125
F2,131.4715157803148,-810.4683279013261,1841.206787109375
F2,143.37778959423304,-867.6184422001243,1832.63525390625
F2,163.22157928347588,-925.165432295762,1822.7823486328125
F2,174.33410150930285,-989.0624350905418,1828.8138427734375
F2,183.46224476397038,-1031.925020813942,1844.4173583984375
F2,194.57476699166,-1077.962612889707,1855.93359375
F2,214.8154324684292,-1118.0470680575818,1855.3197021484375
F2,233.86547057144344,-1159.719026401639,1902.9954833984375
F2,253.31238446198404,-1213.6941343527287,1900.4522705078125
F2,271.1717951837927,-1260.9223538096994,1883.1436767578125
F2,285.8561995495111,-1293.8630446894094,1870.431396484375
F2,300.5406039208174,-1323.6287292223424,1863.455078125
F2,310.06562297046185,-1358.9506748672575,1859.0594482421875
F2,318.79689043201506,-1403.7976395599544,1855.271240234375
F2,331.1000400390476,-1450.6289832210168,1848.814453125
F2,341.41881067305803,-1500.23845744133,1843.6361083984375
F2,349.3563265539706,-1535.5604030853137,1841.226318359375
F2,354.9125876650214,-1566.516714998521,1836.872802734375
F2,368.00948885828257,-1614.9355618357658,1842.06494140625
F2,375.15325314737856,-1655.813768592663,1865.9891357421875
F2,381.9001416377723,-1692.3263416169211,1879.820068359375
F2,392.2189122773707,-1729.6326662302017,1896.39697265625
F2,400.15642815455794,-1757.017095998861,1895.048583984375
F2,410.0783229954541,-1789.5609110873193,1895.5030517578125
F2,419.60334204509854,-1810.9922039490193,1908.4876708984375
F2,439.84400752559304,-1844.726646417752,1896.763671875
F2,457.3065424505621,-1872.5079519823194,1903.4093017578125
F2,479.9284626916051,-1917.7517924681306,1919.76171875
F2,496.9941218290478,-1940.7705885060132,1935.24951171875
F2,525.9660547729582,-1982.8394226431847,1954.7120361328125
F2,544.6192170772702,-2022.527002017945,1923.931396484375
F2,561.6848762072623,-2055.467692900449,1905.6314697265625
F2,575.57552899234,-2080.470867906697,1894.4696044921875
F2,592.6411881223321,-2119.761571488343,1887.7467041015625
F2,605.3412135187536,-2159.4491508631036,1876.841796875
F2,614.8662325721234,-2194.7710965080187,1861.23291015625
F2,629.5506369378418,-2227.314911593683,1848.744140625
F2,644.6319171022624,-2271.3681247029454,1848.12060546875
F2,656.1413151230663,-2314.6275862194598,1864.0340576171875
F2,674.3976016324013,-2334.4713759059086,1880.0694580078125
F2,694.6382671147585,-2357.8870477396995,1878.197021484375
F2,707.3382925149053,-2390.0339870322496,1881.3736572265625
F2,720.0383179150522,-2426.149684265256,1901.0201416015625
F2,727.5789579972625,-2459.8841267339885,1918.79150390625
F2,744.6446171272546,-2490.4435628512874,1938.146240234375
F2,764.8852826096117,-2535.6874033398926,1936.294677734375
F7,-1119.2681181337684,3931.5858389511704,2112.8671875
F7,-1107.7063542827964,3923.1871536793187,2130.126708984375
F7,-1105.3912454862148,3920.67360698618,2140.9765625
F7,-1092.8896579816937,3906.9813921004534,2213.46533203125
F7,-1079.9911946821958,3893.156885285862,2241.570068359375
F7,-1064.7776225917041,3875.8927882565185,2263.40576171875
F7,-1048.2411311846226,3858.5625452632084,2296.8173828125
F7,-1033.6228727810085,3842.2906377185136,2327.036865234375
F7,-1010.0087630543858,3816.162981297821,2346.64501953125
F7,-1002.6004149038345,3808.1593194566667,2352.693359375
F7,-998.7639488968998,3802.933788171038,2356.16064453125
F7,-986.4607992898673,3784.5452097291127,2375.044677734375
F7,-974.819109339267,3766.2889232160524,2386.8701171875
F7,-965.889403982088,3754.118065540679,2382.57177734375
F7,-949.154474677518,3731.893021089956,2363.506103515625
F7,-929.7075607813895,3708.0143275000155,2340.578857421875
F7,-912.1788798943162,3687.310640259646,2316.279541015625
F7,-897.82520535402,3668.5251860218123,2306.642578125
F7,-891.1444628257304,3660.190794352442,2303.069580078125
F7,-877.5183939039707,3642.132945735939,2301.631103515625
F7,-857.2777284253389,3615.939143350348,2311.69140625
F7,-851.7214673105627,3609.3906927537173,2311.701904296875
F7,-838.6907120849937,3595.5000399714336,2315.2626953125
F7,-824.6016214061528,3580.5510517405346,2311.72314453125
F7,-811.8354500383139,3566.9911287855357,2296.1611328125
F7,-804.3609559237957,3557.5984016684815,2286.234619140625
F7,-793.1161417663097,3542.6494134375826,2291.05908203125
F7,-784.5171662345529,3531.0738694518805,2302.555419921875
F7,-772.214016629383,3514.338940148242,2305.9794921875
F7,-761.6968080941588,3500.1175575386733,2299.8876953125
F7,-753.7592922188342,3487.0868023112416,2290.564697265625
F7,-743.8373973760754,3471.9393761837855,2281.32666015625
F7,-735.5030057076365,3458.3133072638884,2265.2802734375
F7,-725.8456947226077,3440.586188477464,2254.606201171875
F7,-715.9237998817116,3421.8007342368364,2259.0634765625
F7,-705.5388832781464,3403.346009830013,2236.1240234375
F7,-694.5586529821157,3385.023577351123,2220.55859375
F7,-686.15811534971,3370.8683407064527,2205.75341796875
F7,-674.7810092624277,3352.082886468619,2178.533935546875
F7,-662.147129824385,3330.651593606919,2157.6748046875
F7,-652.2252349834889,3313.7843723725528,2154.3974609375
F7,-639.194479752332,3291.030160197057,2154.490966796875
F7,-625.7095222231001,3267.8261554520577,2171.8251953125
F7,-615.5142240617424,3250.8795590633526,2164.359375
F7,-605.9892050083727,3233.3508781716228,2156.84228515625
F7,-597.8532512392849,3218.600327837281,2151.06787109375
F7,-589.1219837777317,3203.3867557439953,2150.28173828125
F7,-579.663110692054,3185.196615195833,2161.32177734375
F7,-570.3365295361727,3166.3450149931014,2167.951171875
F7,-559.35629924573,3144.847576165572,2172.098876953125
F7,-549.9635721277446,3125.0699324449524,2169.635986328125
F7,-544.936478741467,3117.7277302592993,2169.262451171875
F7,-537.7265684846789,3106.8797918967903,2168.984375
F7,-529.5906147155911,3094.1136205317453,2179.25732421875
F7,-517.8827787972987,3077.3786912281066,2198.305908203125
F7,-507.7624460551888,3063.488038446754,2217.889892578125
F7,-498.63430280424654,3050.7880130466074,2211.46142578125
F7,-492.6811658963561,3038.2864255430177,2204.599853515625
F7,-483.6191686037928,3020.0301390299574,2199.771240234375
F7,-477.00457204319537,3005.544172558002,2193.697021484375
F7,-468.7363263387233,2987.023302182555,2182.9287109375
F7,-462.32016767188907,2971.9420220209286,2175.20263671875
F7,-458.020679904148,2961.887835244648,2165.5009765625
F7,-446.643573820591,2941.5148778343573,2151.8095703125
F7,-435.46490563079715,2921.6710881451145,2134.900390625
F7,-426.07217850908637,2904.1424072552472,2117.442626953125
F7,-412.71069345250726,2881.454341045581,2095.674072265625
F7,-402.65650667995214,2864.0579520845786,2082.3916015625
F7,-391.34554655477405,2848.4475041981786,2066.893798828125
F7,-380.29917029477656,2833.4985159672797,2049.4931640625
F7,-372.0970705617219,2821.6583881201223,2040.1634521484375
F7,-364.02726275101304,2808.4953409610316,2030.1436767578125
F7,-356.751206535846,2797.2505268035457,2020.12109375
F7,-348.6813987288624,2784.6166473692283,2008.5714111328125
F7,-337.8996063321829,2770.3291187938303,1995.7508544921875
F7,-327.84541955403984,2756.041590217501,1985.4173583984375
F7,-322.0907205455005,2748.1702203108,1980.034912109375
F7,-306.0172508992255,2728.591014485806,1965.131103515625
F7,-292.8542037382722,2712.5175448386,1951.2532958984375
F7,-280.61720010079443,2697.7008485384285,1942.722412109375
F7,-262.82393534481525,2675.475804087706,1929.132568359375
F7,-251.44682926125824,2661.5190053395927,1914.9012451171875
F7,-238.01919823884964,2644.254908312112,1901.9637451171875
F7,-230.08168236352503,2634.200721536763,1889.79052734375
F7,-220.22593348287046,2622.3605936896056,1880.9146728515625
F7,-208.31965967081487,2606.8824377339333,1868.20068359375
F7,-200.0514139700681,2594.5131421620026,1860.9112548828125
F7,-192.44462792016566,2583.5990578345954,1853.8118896484375
F7,-184.90398784168065,2572.28809771128,1847.36376953125
F7,-178.75241303816438,2562.49849480018,1843.64697265625
F7,-172.66698419861495,2552.444308024831,1839.12060546875
F7,-167.2430150192231,2544.7052300451323,1835.4439697265625
F7,-160.42998055927455,2535.577086790465,1831.046630859375
F7,-153.02163240872324,2526.8458193279803,1826.972900390625
F7,-145.2164084650576,2516.9900704491884,1824.3446044921875
F7,-137.34503855742514,2506.0098401559517,1820.0460205078125
F7,-128.87835495732725,2492.5160631667823,1816.08056640625
F7,-121.93302856199443,2480.6097893565893,1813.4718017578125
F7,-117.96427062526345,2468.505077646114,1814.9110107421875
F7,-115.71530779637396,2460.50141580496,1817.029296875
F7,-113.40019899979234,2452.167024136521,1820.816162109375
F7,-110.82050633989275,2443.634194571525,1823.431396484375
F7,-107.57935402542353,2434.1753214858472,1826.445556640625
F7,-103.94132591411471,2422.9966532960534,1831.3853759765625
F7,-100.63402763567865,2413.6700721438974,1834.68017578125
F7,-96.40068583190441,2402.7559878136963,1837.54296875
F7,-89.38921347819269,2383.639803748578,1836.0460205078125
F7,-76.29231228120625,2350.169945142232,1829.447509765625
F7,-69.54542378894985,2330.458447384648,1826.7918701171875
F7,-62.73238933086395,2313.657372117974,1826.6512451171875
F7,-54.86101941764355,2285.5453367261216,1829.728515625
F7,-51.289137279614806,2262.6588326189667,1831.8853759765625
F7,-49.83392603136599,2244.336400141008,1826.9427490234375
F7,-47.25423337332904,2227.0723031135276,1822.9296875
F7,-42.22713998146355,2183.0190900070593,1799.08642578125
F7,-41.03651260212064,2172.105005679652,1792.45166015625
F7,-39.51515539176762,2153.5179893383756,1787.312255859375
F7,-37.79536028765142,2136.1877463422716,1787.02294921875
F7,-36.604732908308506,2118.7913573840633,1787.553955078125
F7,-35.546397453173995,2112.772074512206,1790.9482421875
F7,-33.892748318612576,2100.1381950778887,1798.1644287109375
F7,-31.445347590371966,2083.2709738435224,1807.06201171875
F7,-29.460968619212508,2066.3376066433266,1807.9700927734375
F7,-27.873465444892645,2057.2094633877277,1804.90283203125
F7,-26.81512999162078,2047.0891306474805,1807.0914306640625
F7,-24.036999439820647,2027.5099248206243,1820.8233642578125
F7,-19.539073776453733,2008.8567625135183,1842.82568359375
F7,-12.818643668666482,1989.4759945860133,1862.886474609375
F7,-9.484886998310685,1979.8451419910416,1875.7938232421875
F7,-4.9340445678681135,1966.7217824114487,1886.7864990234375
F7,-1.9707053042948246,1956.9850962720811,1897.18798828125
F7,1.2572178170084953,1946.9838262684643,1894.8194580078125
F7,3.10930485278368,1940.4221464786679,1893.136962890625
F7,5.808060249313712,1932.5375473769382,1886.39208984375
F7,7.395563427358866,1923.806279915385,1882.78857421875
F7,8.559732418507338,1918.4616858921945,1879.284912109375
F7,10.411819459870458,1906.4495785348117,1868.9012451171875
F7,11.999322637915611,1898.0358117073774,1860.312744140625
F7,14.592244485393167,1885.1770359883085,1848.419677734375
F7,16.550165068358183,1876.234101436101,1840.603271484375
F7,19.301837239414454,1865.2803295282647,1833.947265625
F7,21.41850813664496,1856.178644659929,1833.63134765625
F7,24.646431263536215,1843.5315360315144,1838.5078125
F7,27.345186660066247,1832.6306808954105,1849.8841552734375
F7,29.250190468505025,1820.4069064483047,1862.81640625
F7,30.890610417351127,1810.299802900292,1880.611572265625
F7,32.3722800463438,1798.922696813941,1890.413818359375
F7,33.53644904308021,1788.1276752240956,1900.351806640625
F7,34.594784492626786,1777.3855704059824,1907.88818359375
F7,35.33561930991709,1767.2784668579698,1909.9622802734375
F7,36.76437216438353,1758.5471993964165,1908.955078125
F7,37.71687406860292,1747.1700933072716,1907.71337890625
F7,39.092710154131055,1736.3750717174262,1909.798828125
F7,40.15104560367763,1724.9979656310752,1911.118896484375
F7,42.10896618664265,1718.8596200207248,1907.3077392578125
F7,45.12522221915424,1707.8000145684928,1906.28466796875
F7,48.35314534045756,1696.1583246178925,1909.056884765625
F7,52.58648714609444,1681.447461862117,1911.300537109375
F7,55.44399285502732,1671.1286912243813,1905.9375
F7,56.76691217161715,1662.0799231277779,1906.93115234375
F7,57.98399793729186,1652.2374034421518,1900.41357421875
F7,59.201083704829216,1638.2144587291405,1889.06201171875
F7,60.20650237984955,1622.7627611588687,1884.3704833984375
F7,60.36525269784033,1614.5077446494251,1883.5579833984375
F7,61.31775460205972,1601.4373018434271,1876.9093017578125
F7,62.005672650411725,1589.7426951201633,1870.937744140625
F7,62.799424232915044,1585.3506030021235,1868.4014892578125
F7,64.17526031658053,1577.2543368106708,1866.19287109375
F7,65.76276349462569,1569.158070616424,1860.89404296875
F7,68.03818471170962,1557.4634638931602,1852.425537109375
F7,69.73152143321931,1547.7796945264563,1841.431884765625
F7,71.37194138020277,1536.82592261862,1840.00927734375
F7,71.90110910497606,1526.295484893024,1837.4205322265625
F7,72.69486069120467,1520.368806370534,1833.648681640625
F7,74.65278127603233,1504.7054417096078,1824.144775390625
F7,75.49944963119924,1496.8208426088095,1823.7742919921875
F7,76.45195153728127,1491.5291653573513,1823.77490234375
F7,78.62153921276331,1482.3745637154207,1822.4700927734375
F7,81.42612815462053,1469.939122179523,1822.1805419921875
F7,83.17238164506853,1463.1128585254773,1823.965087890625
F7,86.18863767758012,1450.3069995809346,1830.976806640625
F7,89.20489371009171,1437.1836400013417,1833.340087890625
F7,91.32156460918486,1426.2298680925742,1831.6966552734375
F7,93.59698582999408,1416.5460987258703,1829.09033203125
F7,95.9253238197416,1405.9098274540156,1819.176025390625
F7,97.56574376672506,1402.2056533778086,1815.22265625
F7,101.74616879783571,1392.5218840111047,1809.1861572265625
F7,104.23766683787107,1384.856889506802,1801.9656982421875
