public_point_id,section_public_id,zone,expected_associated_fault,nearest_competing_fault,d_plan_associated_m,d_plan_competing_m,dsi,dsi_lt_1,dsi_gt_2,local_competitor_flag
PT_0001,SEC_005,MZ-I,F2,F3,222.50852116060275,60.315262387774204,0.2710694497144211,True,False,F3_LOCALLY_CLOSER_IN_PLAN_VIEW
PT_0002,SEC_005,MZ-I,F2,F3,215.6797457805897,67.14576115047589,0.311321588902386,True,False,F3_LOCALLY_CLOSER_IN_PLAN_VIEW
PT_0003,SEC_005,MZ-I,F2,F3,208.39142214645287,74.43592879320768,0.3571928634418347,True,False,F3_LOCALLY_CLOSER_IN_PLAN_VIEW
PT_0004,SEC_005,MZ-I,F2,F3,203.4702898518087,79.35876265341406,0.390026291854268,True,False,F3_LOCALLY_CLOSER_IN_PLAN_VIEW
PT_0005,SEC_004,MZ-I,F2,F3,139.07511267175707,358.1859389260932,2.5754855203423643,False,True,NONE
PT_0006,SEC_004,MZ-I,F2,F3,113.58306756985304,383.387469378743,3.3753928079373408,False,True,NONE
PT_0007,SEC_006,MZ-I,F2,F3,47.19742638241807,237.7702337486193,5.037779641247413,False,True,NONE
PT_0008,SEC_003,MZ-I,F2,F3,101.80210092368546,563.4164185207812,5.534428203433037,False,True,NONE
PT_0009,SEC_003,MZ-I,F2,F3,101.24585110144484,562.8734541785667,5.559471801116937,False,True,NONE
PT_0010,SEC_004,MZ-I,F2,F3,108.7774122869552,605.2723656490004,5.5643203209531205,False,True,NONE
PT_0011,SEC_006,MZ-I,F2,F3,41.5284514378834,232.11689141287908,5.589346180174098,False,True,NONE
PT_0012,SEC_004,MZ-I,F2,F3,106.88263471713292,603.374074186602,5.645202102132342,False,True,NONE
PT_0013,SEC_003,MZ-I,F2,F3,98.19774596464929,559.8981534581098,5.701741399030387,False,True,NONE
PT_0014,SEC_003,MZ-I,F2,F3,96.77699684855752,558.5113388150328,5.771116659974735,False,True,NONE
PT_0015,SEC_003,MZ-I,F2,F3,96.20515896389158,557.9531595052476,5.799617874075367,False,True,NONE
PT_0016,SEC_006,MZ-I,F2,F3,39.35735754626016,229.9520258276668,5.842669329549982,False,True,NONE
PT_0017,SEC_004,MZ-I,F2,F3,97.4989718265128,593.9748942496376,6.092114441027556,False,True,NONE
PT_0018,SEC_004,MZ-I,F2,F3,95.69441953887606,592.1677254981453,6.188111368997602,False,True,NONE
PT_0019,SEC_006,MZ-I,F2,F3,35.13577555275061,225.7429577384636,6.424874766163836,False,True,NONE
PT_0020,SEC_004,MZ-I,F2,F3,87.84462363122665,584.3076774905912,6.651604313811231,False,True,NONE
PT_0021,SEC_006,MZ-I,F2,F3,33.68837330156786,224.2999728574239,6.658082622439505,False,True,NONE
PT_0022,SEC_003,MZ-I,F2,F3,81.29015765985,543.3944032271844,6.684627252181751,False,True,NONE
PT_0023,SEC_004,MZ-I,F2,F3,86.85212693385591,583.3139211588847,6.716173129566761,False,True,NONE
PT_0024,SEC_003,MZ-I,F2,F3,80.73712539697335,542.8545794006134,6.7237293467097325,False,True,NONE
PT_0025,SEC_003,MZ-I,F2,F3,80.55976913215508,542.6814601535575,6.736383011020181,False,True,NONE
PT_0026,SEC_003,MZ-I,F2,F3,79.28446066342426,541.4366127025452,6.829038227314603,False,True,NONE
PT_0027,SEC_003,MZ-I,F2,F3,74.25520187381483,536.5274777591361,7.225453089076253,False,True,NONE
PT_0028,SEC_003,MZ-I,F2,F3,72.97934082521361,535.2820896618081,7.334707104902674,False,True,NONE
PT_0029,SEC_003,MZ-I,F2,F3,67.72971947224572,530.1578563824415,7.827551339551754,False,True,NONE
PT_0030,SEC_003,MZ-I,F2,F3,66.92390818070164,529.3712914000201,7.910047482144371,False,True,NONE
PT_0031,SEC_004,MZ-I,F2,F3,52.02247878499932,444.50916795700897,8.544559550768335,False,True,NONE
PT_0032,SEC_004,MZ-I,F2,F3,65.46820273370327,561.9028579377044,8.582836162820685,False,True,NONE
PT_0033,SEC_003,MZ-I,F2,F3,60.938629155807575,523.5297616908814,8.59109843695898,False,True,NONE
PT_0034,SEC_004,MZ-I,F2,F3,56.62591012864535,553.0493432693977,9.766718839714096,False,True,NONE
PT_0035,SEC_004,MZ-I,F2,F3,45.965857392272575,450.5386226396919,9.80159292569691,False,True,NONE
PT_0036,SEC_003,MZ-I,F2,F3,50.57234050700865,513.4220557602462,10.152230460622892,False,True,NONE
PT_0037,SEC_004,MZ-I,F2,F3,51.12202765897442,547.5384756566306,10.710421724841558,False,True,NONE
PT_0038,SEC_004,MZ-I,F2,F3,37.94881908770007,534.3485485025722,14.080768818331018,False,True,NONE
PT_0039,SEC_004,MZ-I,F2,F3,30.00879822247811,526.3984506983846,17.54147056459214,False,True,NONE
PT_0040,SEC_003,MZ-I,F2,F3,19.88367015544513,483.54768871724775,24.3188347491687,False,True,NONE
PT_0041,SEC_004,MZ-I,F2,F3,19.091268025117422,515.4674071598304,27.00016606972652,False,True,NONE
PT_0042,SEC_003,MZ-I,F2,F3,17.731230428385473,481.45269599493633,27.15280803210312,False,True,NONE
PT_0043,SEC_004,MZ-I,F2,F3,16.02353373544392,512.3965182536003,31.977747650019523,False,True,NONE
PT_0044,SEC_004,MZ-I,F2,F3,10.700111289096588,507.0686265292091,47.38909837750117,False,True,NONE
PT_0045,SEC_003,MZ-I,F2,F3,8.797915840002677,472.75780813948535,53.73520464812056,False,True,NONE
PT_0046,SEC_004,MZ-I,F2,F3,8.089383822448367,488.2962817788057,60.36260517442179,False,True,NONE
PT_0047,SEC_004,MZ-I,F2,F3,8.354197850275018,504.72115693975087,60.415274570392846,False,True,NONE
PT_0048,SEC_003,MZ-I,F2,F3,7.363119758523726,471.3613068267821,64.01652048116192,False,True,NONE
PT_0049,SEC_001,MZ-II,F7,F9,149.18683800311695,515.3373884747904,3.4543086734234785,False,True,NONE
PT_0050,SEC_001,MZ-II,F7,F9,147.38430727157828,517.3880028310552,3.510468735845046,False,True,NONE
PT_0051,SEC_001,MZ-II,F7,F9,144.1798064870936,521.0335474323925,3.613776159971704,False,True,NONE
PT_0052,SEC_001,MZ-II,F7,F9,142.97812590458764,522.4006211081548,3.653710088889848,False,True,NONE
PT_0053,SEC_002,MZ-II,F7,F6,64.50100273925027,261.9021925064,4.060435983687844,False,True,NONE
PT_0054,SEC_002,MZ-II,F7,F6,63.25442410804877,263.1608669688722,4.160355116337016,False,True,NONE
PT_0055,SEC_002,MZ-II,F7,F6,63.00273999091735,263.4149931785148,4.181008527827353,False,True,NONE
PT_0056,SEC_002,MZ-II,F7,F6,93.06066798469315,420.8835191168888,4.522678895729791,False,True,NONE
PT_0057,SEC_001,MZ-II,F7,F6,102.9524431022038,484.1293354882907,4.702456016587016,False,True,NONE
PT_0058,SEC_001,MZ-II,F7,F6,101.26293088609864,482.26522177223086,4.762505070238256,False,True,NONE
PT_0059,SEC_001,MZ-II,F7,F6,98.29348293945183,478.9888982737109,4.873048384792358,False,True,NONE
PT_0060,SEC_002,MZ-II,F7,F6,84.35679929077229,412.0556623328426,4.884676348524249,False,True,NONE
PT_0061,SEC_001,MZ-II,F7,F6,96.85996524427236,477.4072345107665,4.928839622302023,False,True,NONE
PT_0062,SEC_002,MZ-II,F7,F6,71.87450192866292,399.39014768949966,5.556770996283264,False,True,NONE
PT_0063,SEC_002,MZ-II,F7,F6,70.21126607307465,397.7024987174977,5.66436871119196,False,True,NONE
PT_0064,SEC_002,MZ-II,F7,F6,67.17860189890544,394.6253205504428,5.874271113059179,False,True,NONE
PT_0065,SEC_002,MZ-II,F7,F6,62.04587791072016,389.4172576383714,6.276279275131164,False,True,NONE
PT_0066,SEC_002,MZ-II,F7,F6,60.89160510356914,388.2460422920796,6.376019184117757,False,True,NONE
PT_0067,SEC_002,MZ-II,F7,F6,42.71981532659192,283.8947259123051,6.645504521541983,False,True,NONE
PT_0068,SEC_002,MZ-II,F7,F6,52.59284557115201,379.8254378577995,7.221998234416501,False,True,NONE
PT_0069,SEC_002,MZ-II,F7,F6,50.03739021387792,377.2324408675135,7.539011112591714,False,True,NONE
PT_0070,SEC_002,MZ-II,F7,F6,49.0897707129187,376.2709000998525,7.66495533866552,False,True,NONE
PT_0071,SEC_002,MZ-II,F7,F6,37.1355774081684,289.53314851898784,7.796651317324116,False,True,NONE
PT_0072,SEC_002,MZ-II,F7,F6,45.13895523546513,372.2620442467332,8.247023935420007,False,True,NONE
PT_0073,SEC_002,MZ-II,F7,F6,44.72736323442752,371.8444055442024,8.313577610092306,False,True,NONE
PT_0074,SEC_002,MZ-II,F7,F6,42.787092363352194,369.8820454039044,8.6447109390568,False,True,NONE
PT_0075,SEC_001,MZ-II,F7,F6,43.14908916315558,416.7285228613947,9.657875309619133,False,True,NONE
PT_0076,SEC_001,MZ-II,F7,F6,42.728820079663535,416.2731790383967,9.742210954159225,False,True,NONE
PT_0077,SEC_002,MZ-II,F7,F6,32.452356180021795,359.49412202738233,11.077596955770282,False,True,NONE
PT_0078,SEC_002,MZ-II,F7,F6,29.42251350028119,356.4486864143121,12.114827865094036,False,True,NONE
PT_0079,SEC_001,MZ-II,F7,F6,33.4830746562726,406.25579401436414,12.133168718370898,False,True,NONE
PT_0080,SEC_002,MZ-II,F7,F6,29.292311623795992,356.3178144288822,12.164209469198148,False,True,NONE
PT_0081,SEC_001,MZ-II,F7,F6,33.378009658596035,406.1419605915552,12.167950238667364,False,True,NONE
PT_0082,SEC_002,MZ-II,F7,F6,23.078597474985788,303.6773810748386,13.158398442712368,False,True,NONE
PT_0083,SEC_002,MZ-II,F7,F6,22.69514284963482,304.06280914362407,13.39770413247329,False,True,NONE
PT_0084,SEC_001,MZ-II,F7,F6,26.86395977542358,399.0842557609296,14.85574945381026,False,True,NONE
PT_0085,SEC_002,MZ-II,F7,F6,22.20460690211673,349.19363325316186,15.726179472237078,False,True,NONE
PT_0086,SEC_001,MZ-II,F7,F6,24.55251378963812,396.5798995376453,16.15231348347776,False,True,NONE
PT_0087,SEC_002,MZ-II,F7,F6,16.374914392335924,310.41556432387404,18.95677478895158,False,True,NONE
PT_0088,SEC_001,MZ-II,F7,F6,20.56003025926736,392.2542078102608,19.078483974188394,False,True,NONE
PT_0089,SEC_002,MZ-II,F7,F6,16.115087389477313,310.6767284895632,19.27862511576736,False,True,NONE
PT_0090,SEC_002,MZ-II,F7,F6,16.074448475172,310.7175766094848,19.32990591182072,False,True,NONE
PT_0091,SEC_001,MZ-II,F7,F6,19.772043850564284,391.4004568097528,19.79564984621367,False,True,NONE
PT_0092,SEC_002,MZ-II,F7,F6,15.890962748208768,342.8474961761572,21.574998419450896,False,True,NONE
PT_0093,SEC_001,MZ-II,F7,F6,13.691275690975278,355.1443281377317,25.93946219137404,False,True,NONE
PT_0094,SEC_001,MZ-II,F7,F6,13.73078592047274,384.85500254694495,28.028621578982037,False,True,NONE
PT_0095,SEC_001,MZ-II,F7,F6,11.169699978540454,357.87635128876565,32.03992515254017,False,True,NONE
PT_0096,SEC_002,MZ-II,F7,F6,9.978516567582346,336.9046219521091,33.76299670099524,False,True,NONE
PT_0097,SEC_001,MZ-II,F7,F6,9.383597434453552,359.81152021752183,38.34473108324209,False,True,NONE
PT_0098,SEC_001,MZ-II,F7,F6,9.12092557878828,360.09611382417944,39.4802162032352,False,True,NONE
PT_0099,SEC_001,MZ-II,F7,F6,9.633237391497204,380.4154773958328,39.48988921747192,False,True,NONE
PT_0100,SEC_001,MZ-II,F7,F6,8.845250983690958,379.56172639625294,42.91135741609775,False,True,NONE
PT_0101,SEC_002,MZ-II,F7,F6,7.653769378856923,334.56791053671816,43.71282880053087,False,True,NONE
PT_0102,SEC_001,MZ-II,F7,F6,8.17534194315526,361.1206150400996,44.17192792069632,False,True,NONE
PT_0103,SEC_001,MZ-II,F7,F6,7.387355534452182,361.97436604060766,48.999180336248735,False,True,NONE
PT_0104,SEC_001,MZ-II,F7,F6,7.531930492922445,378.1387981490097,50.204764702002585,False,True,NONE
PT_0105,SEC_001,MZ-II,F7,F6,6.389229769834641,363.0557939354453,56.823092456235386,False,True,NONE
PT_0106,SEC_001,MZ-II,F7,F6,6.428740000228932,376.9435367501597,58.634123753136144,False,True,NONE
PT_0107,SEC_001,MZ-II,F7,F6,5.16796190807692,375.5775351006209,72.67420731442257,False,True,NONE
PT_0108,SEC_001,MZ-II,F7,F6,2.9746029206207685,366.7554015909996,123.29558310070564,False,True,NONE
PT_0109,SEC_002,MZ-II,F7,F6,2.643994216052961,329.5323528424503,124.634294145464,False,True,NONE
PT_0110,SEC_001,MZ-II,F7,F6,2.8039930535994166,373.0162721334452,133.03038381447251,False,True,NONE
PT_0111,SEC_001,MZ-II,F7,F6,2.396746238567053,367.3814856637581,153.2834305743628,False,True,NONE
PT_0112,SEC_002,MZ-II,F7,F6,2.0142228051788016,324.850162538913,161.27816729295557,False,True,NONE
PT_0113,SEC_001,MZ-II,F7,F6,1.9634645158804291,372.10559445402913,189.51480479756708,False,True,NONE
PT_0114,SEC_001,MZ-II,F7,F6,1.5562273310413917,368.2921533756752,236.65703977144688,False,True,NONE
PT_0115,SEC_001,MZ-II,F7,F6,1.5036948321874175,368.3490700870751,244.9626494700653,False,True,NONE
PT_0116,SEC_002,MZ-II,F7,F6,1.144303710015223,325.72455861989954,284.6486957693831,False,True,NONE
PT_0117,SEC_002,MZ-II,F7,F6,0.9756970561418452,327.8554698214129,336.02178848200793,False,True,NONE
PT_0118,SEC_001,MZ-II,F7,F6,0.1903746119163247,369.77199841459344,1942.338816570348,False,True,NONE
PT_0119,SEC_001,MZ-II,F7,F6,0.1378421130623501,369.82891512599326,2682.989305008032,False,True,NONE
PT_0120,SEC_001,MZ-II,F7,F6,0.0327773840895496,369.9427486309339,11286.524501779311,False,True,NONE
