fault_separation,domain_distance,perturbation_level,n_competing_faults,domain_noise,median_dsi,p10_dsi,reversal_probability,point_reattribution_probability,n
100,20,extreme,2,high,3.850103302257762,0.010101010101010102,0.715,0.47063437500000005,20
100,20,extreme,2,low,4.033300064182654,2.0956490603483813,0.50325,0.43031874999999997,20
100,20,extreme,2,medium,4.182708386067885,0.6949057657091093,0.644,0.459634375,20
100,20,extreme,4,high,0.849912099389438,0.010101010101010102,0.9592499999999999,0.742475,20
100,20,extreme,4,low,0.8265391123755134,0.19366862708894544,0.82825,0.726225,20
100,20,extreme,4,medium,1.324944462538145,0.13618785365227498,0.90025,0.722375,20
100,20,extreme,8,high,0.2686607488472821,0.010101010101010102,0.9984999999999999,0.8641343750000001,20
100,20,extreme,8,low,0.3428944648295362,0.06315024151365489,0.94825,0.8619843749999999,20
100,20,extreme,8,medium,0.5365536359357923,0.038826106115299054,0.9884999999999999,0.8698499999999999,20
100,20,high,2,high,4.518436564751344,0.010101010101010102,0.8705,0.396046875,20
100,20,high,2,low,4.104183965473245,2.1033898653765952,0.42774999999999996,0.307515625,20
100,20,high,2,medium,4.420952775661679,0.8690092825654201,0.66075,0.3347875,20
100,20,high,4,high,1.5858169835952791,0.010101010101010102,0.9959999999999999,0.6924250000000001,20
100,20,high,4,low,1.1634226741040599,0.4351688559167879,0.8160000000000001,0.66026875,20
100,20,high,4,medium,0.9793146215517179,0.1472422977358022,0.9574999999999999,0.664975,20
100,20,high,8,high,0.5616362364140066,0.010101010101010102,1.0,0.84625625,20
100,20,high,8,low,0.30151102390024986,0.059596744976762914,0.9582499999999999,0.8241250000000001,20
100,20,high,8,medium,0.39011834552954877,0.05023151493517,0.99725,0.8338625000000001,20
100,20,low,2,high,3.64913818445999,0.010101010101010102,1.0,0.333475,20
100,20,low,2,low,3.9933591917324733,2.0456473783725424,0.03925,0.010375,20
100,20,low,2,medium,3.4572546843872454,0.7398188150840743,0.9724999999999999,0.1662125,20
100,20,low,4,high,2.373610015363675,0.010101010101010102,1.0,0.45219999999999994,20
100,20,low,4,low,0.8241899242059796,0.10006779286232773,0.8025,0.449928125,20
100,20,low,4,medium,1.0161440670152837,0.1199165087537009,1.0,0.47009375000000003,20
100,20,low,8,high,0.7216542040430424,0.010101010101010102,1.0,0.564028125,20
100,20,low,8,low,0.4168275957295194,0.06690750633485126,0.98375,0.6789875000000001,20
100,20,low,8,medium,0.4089630723166657,0.04730663994306854,1.0,0.6088125,20
100,20,medium,2,high,3.648030224527268,0.010101010101010102,0.9974999999999999,0.367875,20
100,20,medium,2,low,3.801997464902831,1.9977182096643866,0.23399999999999999,0.07626875000000001,20
100,20,medium,2,medium,3.811753900196731,0.7174789045917909,0.828,0.19988124999999998,20
100,20,medium,4,high,1.4367061330280158,0.010101010101010102,1.0,0.553728125,20
100,20,medium,4,low,1.8570358160263147,0.8219101101708775,0.71325,0.40759375000000003,20
100,20,medium,4,medium,1.4115900068959324,0.12595614699624363,0.9804999999999999,0.49659375,20
100,20,medium,8,high,0.6174609305873853,0.010101010101010102,1.0,0.7277375,20
100,20,medium,8,low,0.3128356895422169,0.06553185943586289,0.9560000000000001,0.6986749999999999,20
100,20,medium,8,medium,0.37924212444738686,0.03639624898899657,0.99975,0.7473156249999999,20
100,50,extreme,2,high,1.0890355373216793,0.010101010101010102,0.718,0.5009593750000001,20
100,50,extreme,2,low,0.9917351907411818,0.5980121019489351,0.5730000000000001,0.49989062500000003,20
100,50,extreme,2,medium,1.0084351821757451,0.18408880987153547,0.70375,0.5044562499999999,20
100,50,extreme,4,high,0.4062472926506577,0.010101010101010102,0.9557499999999999,0.75096875,20
100,50,extreme,4,low,0.22862427062333646,0.04518462356618874,0.84375,0.75170625,20
100,50,extreme,4,medium,0.27512956855301474,0.029364673749777657,0.954,0.759078125,20
100,50,extreme,8,high,0.13381537703232538,0.010101010101010102,0.9984999999999999,0.8854875,20
100,50,extreme,8,low,0.11742524463827025,0.022810900609149087,0.95875,0.8817406250000002,20
100,50,extreme,8,medium,0.1140757289795149,0.014251267747373644,0.99725,0.8798999999999999,20
100,50,high,2,high,1.1006762820700076,0.010101010101010102,0.883,0.502046875,20
100,50,high,2,low,1.006499094138371,0.6097269642944838,0.65325,0.510246875,20
100,50,high,2,medium,0.978263216552181,0.12598274305670368,0.85125,0.508053125,20
100,50,high,4,high,0.2747390903052238,0.010101010101010102,0.9957499999999999,0.74704375,20
100,50,high,4,low,0.2590154370936848,0.04756762332125221,0.9105000000000001,0.784396875,20
100,50,high,4,medium,0.30078552071316955,0.025299358781511634,0.9894999999999999,0.762728125,20
100,50,high,8,high,0.10699763751606371,0.010101010101010102,1.0,0.879875,20
100,50,high,8,low,0.12035535051310982,0.025357785638103817,0.99125,0.8900406249999999,20
100,50,high,8,medium,0.1287772938001302,0.012128460170627898,1.0,0.879809375,20
100,50,low,2,high,0.927312932466725,0.010101010101010102,1.0,0.508778125,20
100,50,low,2,low,1.0150420046303976,0.6126701202411302,0.9754999999999999,0.4812875,20
100,50,low,2,medium,1.037601281634255,0.14622862020197663,1.0,0.495665625,20
100,50,low,4,high,0.26665004806078096,0.010101010101010102,1.0,0.6879937500000001,20
100,50,low,4,low,0.385242772453275,0.1236777390415539,0.99925,0.902290625,20
100,50,low,4,medium,0.2909303032838677,0.03646616519958831,1.0,0.7730625,20
100,50,low,8,high,0.15533527230673602,0.010101010101010102,1.0,0.73710625,20
100,50,low,8,low,0.08161794865019856,0.015565629908516452,1.0,0.9871437500000001,20
100,50,low,8,medium,0.13643317098903082,0.013102547933372503,1.0,0.8659062499999999,20
100,50,medium,2,high,0.9864381133533666,0.010101010101010102,0.9964999999999999,0.494084375,20
100,50,medium,2,low,1.0144322267153356,0.5864995815364786,0.8230000000000001,0.5109625,20
100,50,medium,2,medium,0.9349701366112199,0.11825140848112914,0.9949999999999999,0.5186499999999999,20
100,50,medium,4,high,0.24967530730371645,0.010101010101010102,1.0,0.68405,20
100,50,medium,4,low,0.5178970405396989,0.2492378397174304,0.97325,0.8069593749999999,20
100,50,medium,4,medium,0.2877237837297858,0.039825432752493985,1.0,0.7804781249999999,20
100,50,medium,8,high,0.14361305398800206,0.010101010101010102,1.0,0.803403125,20
100,50,medium,8,low,0.13109739641313817,0.032399927394832356,0.99875,0.9437468749999999,20
100,50,medium,8,medium,0.13025737007952556,0.015949089094634668,1.0,0.8598250000000001,20
100,100,extreme,2,high,0.010101010101010102,0.010101010101010102,0.71475,0.5507531250000001,20
100,100,extreme,2,low,0.010101010101010102,0.010101010101010102,0.60775,0.5836187500000001,20
100,100,extreme,2,medium,0.015523125449743828,0.010101010101010102,0.6527499999999999,0.572696875,20
100,100,extreme,4,high,0.010101010101010102,0.010101010101010102,0.9572499999999999,0.784271875,20
100,100,extreme,4,low,0.010101010101010102,0.010101010101010102,0.825,0.796884375,20
100,100,extreme,4,medium,0.010101010101010102,0.010101010101010102,0.8965,0.8015437500000001,20
100,100,extreme,8,high,0.010101010101010102,0.010101010101010102,0.9984999999999999,0.8909874999999999,20
100,100,extreme,8,low,0.010101010101010102,0.010101010101010102,0.93675,0.9032875,20
100,100,extreme,8,medium,0.010101010101010102,0.010101010101010102,0.9795,0.9018375000000001,20
100,100,high,2,high,0.016621335475224697,0.010101010101010102,0.882,0.640865625,20
100,100,high,2,low,0.010101010101010102,0.010101010101010102,0.8,0.7750656250000001,20
100,100,high,2,medium,0.010101010101010102,0.010101010101010102,0.82125,0.724321875,20
100,100,high,4,high,0.010101010101010102,0.010101010101010102,0.9949999999999999,0.83568125,20
100,100,high,4,low,0.010101010101010102,0.010101010101010102,0.92225,0.89956875,20
100,100,high,4,medium,0.010101010101010102,0.010101010101010102,0.9662499999999999,0.872303125,20
100,100,high,8,high,0.010101010101010102,0.010101010101010102,1.0,0.915153125,20
100,100,high,8,low,0.010101010101010102,0.010101010101010102,0.977,0.9543781250000001,20
100,100,high,8,medium,0.010101010101010102,0.010101010101010102,0.99925,0.9481624999999999,20
100,100,low,2,high,0.010101010101010102,0.010101010101010102,1.0,0.7694375,20
100,100,low,2,low,0.010101010101010102,0.010101010101010102,1.0,0.999984375,20
100,100,low,2,medium,0.010205950653753546,0.010101010101010102,1.0,0.939378125,20
100,100,low,4,high,0.010101010101010102,0.010101010101010102,1.0,0.8454750000000001,20
100,100,low,4,low,0.010101010101010102,0.010101010101010102,1.0,1.0,20
100,100,low,4,medium,0.010101010101010102,0.010101010101010102,1.0,0.9895468749999999,20
100,100,low,8,high,0.010101010101010102,0.010101010101010102,1.0,0.886553125,20
100,100,low,8,low,0.010101010101010102,0.010101010101010102,1.0,1.0,20
100,100,low,8,medium,0.010101010101010102,0.010101010101010102,1.0,0.997278125,20
100,100,medium,2,high,0.010101010101010102,0.010101010101010102,0.99725,0.75205,20
100,100,medium,2,low,0.010101010101010102,0.010101010101010102,0.9955,0.989625,20
100,100,medium,2,medium,0.010101010101010102,0.010101010101010102,0.9959999999999999,0.9250281250000001,20
100,100,medium,4,high,0.010101010101010102,0.010101010101010102,1.0,0.87109375,20
100,100,medium,4,low,0.010101010101010102,0.010101010101010102,0.999,0.9978906249999999,20
100,100,medium,4,medium,0.010101010101010102,0.010101010101010102,0.99975,0.97984375,20
100,100,medium,8,high,0.010101010101010102,0.010101010101010102,1.0,0.9209468749999999,20
100,100,medium,8,low,0.010101010101010102,0.010101010101010102,0.99975,0.9995875,20
100,100,medium,8,medium,0.010101010101010102,0.010101010101010102,1.0,0.99204375,20
100,200,extreme,2,high,0.010101010101010102,0.010101010101010102,0.599,0.588165625,20
100,200,extreme,2,low,0.010101010101010102,0.010101010101010102,0.59525,0.59525,20
100,200,extreme,2,medium,0.010101010101010102,0.010101010101010102,0.60025,0.60025,20
100,200,extreme,4,high,0.010101010101010102,0.010101010101010102,0.8335000000000001,0.8044625,20
100,200,extreme,4,low,0.010101010101010102,0.010101010101010102,0.8087500000000001,0.8087500000000001,20
100,200,extreme,4,medium,0.010101010101010102,0.010101010101010102,0.81225,0.8122406249999999,20
100,200,extreme,8,high,0.010101010101010102,0.010101010101010102,0.925,0.8989968749999999,20
100,200,extreme,8,low,0.010101010101010102,0.010101010101010102,0.905,0.905,20
100,200,extreme,8,medium,0.010101010101010102,0.010101010101010102,0.9025000000000001,0.9025000000000001,20
100,200,high,2,high,0.010101010101010102,0.010101010101010102,0.79625,0.7729250000000001,20
100,200,high,2,low,0.010101010101010102,0.010101010101010102,0.7927500000000001,0.7927500000000001,20
100,200,high,2,medium,0.010101010101010102,0.010101010101010102,0.78825,0.7882499999999999,20
100,200,high,4,high,0.010101010101010102,0.010101010101010102,0.9252499999999999,0.9087343749999999,20
100,200,high,4,low,0.010101010101010102,0.010101010101010102,0.91275,0.9127500000000002,20
100,200,high,4,medium,0.010101010101010102,0.010101010101010102,0.9115,0.9114531250000001,20
100,200,high,8,high,0.010101010101010102,0.010101010101010102,0.978,0.9539500000000001,20
100,200,high,8,low,0.010101010101010102,0.010101010101010102,0.9644999999999999,0.9645000000000001,20
100,200,high,8,medium,0.010101010101010102,0.010101010101010102,0.9605,0.9604906249999999,20
100,200,low,2,high,0.010101010101010102,0.010101010101010102,1.0,0.983859375,20
100,200,low,2,low,0.010101010101010102,0.010101010101010102,1.0,1.0,20
100,200,low,2,medium,0.010101010101010102,0.010101010101010102,1.0,1.0,20
100,200,low,4,high,0.010101010101010102,0.010101010101010102,1.0,0.9933937500000001,20
100,200,low,4,low,0.010101010101010102,0.010101010101010102,1.0,1.0,20
100,200,low,4,medium,0.010101010101010102,0.010101010101010102,1.0,1.0,20
100,200,low,8,high,0.010101010101010102,0.010101010101010102,1.0,0.9956250000000001,20
100,200,low,8,low,0.010101010101010102,0.010101010101010102,1.0,1.0,20
100,200,low,8,medium,0.010101010101010102,0.010101010101010102,1.0,1.0,20
100,200,medium,2,high,0.010101010101010102,0.010101010101010102,0.9964999999999999,0.9832281249999999,20
100,200,medium,2,low,0.010101010101010102,0.010101010101010102,0.9957499999999999,0.9957499999999999,20
100,200,medium,2,medium,0.010101010101010102,0.010101010101010102,0.994,0.994,20
100,200,medium,4,high,0.010101010101010102,0.010101010101010102,0.99975,0.99126875,20
100,200,medium,4,low,0.010101010101010102,0.010101010101010102,0.9984999999999999,0.9984999999999999,20
100,200,medium,4,medium,0.010101010101010102,0.010101010101010102,1.0,1.0,20
100,200,medium,8,high,0.010101010101010102,0.010101010101010102,0.9994999999999999,0.996521875,20
100,200,medium,8,low,0.010101010101010102,0.010101010101010102,0.99975,0.99975,20
100,200,medium,8,medium,0.010101010101010102,0.010101010101010102,1.0,1.0,20
100,400,extreme,2,high,0.010101010101010102,0.010101010101010102,0.5894999999999999,0.5894999999999999,20
100,400,extreme,2,low,0.010101010101010102,0.010101010101010102,0.594,0.594,20
100,400,extreme,2,medium,0.010101010101010102,0.010101010101010102,0.5902499999999999,0.5902499999999999,20
100,400,extreme,4,high,0.010101010101010102,0.010101010101010102,0.8082499999999999,0.8082437499999999,20
100,400,extreme,4,low,0.010101010101010102,0.010101010101010102,0.8045,0.8045,20
100,400,extreme,4,medium,0.010101010101010102,0.010101010101010102,0.8092499999999999,0.8092499999999999,20
100,400,extreme,8,high,0.010101010101010102,0.010101010101010102,0.9092500000000001,0.9092499999999999,20
100,400,extreme,8,low,0.010101010101010102,0.010101010101010102,0.90625,0.90625,20
100,400,extreme,8,medium,0.010101010101010102,0.010101010101010102,0.906,0.906,20
100,400,high,2,high,0.010101010101010102,0.010101010101010102,0.787,0.787,20
100,400,high,2,low,0.010101010101010102,0.010101010101010102,0.78675,0.78675,20
100,400,high,2,medium,0.010101010101010102,0.010101010101010102,0.7887500000000001,0.7887500000000001,20
100,400,high,4,high,0.010101010101010102,0.010101010101010102,0.90575,0.9057499999999999,20
100,400,high,4,low,0.010101010101010102,0.010101010101010102,0.914,0.9139999999999999,20
100,400,high,4,medium,0.010101010101010102,0.010101010101010102,0.9095000000000001,0.9095000000000001,20
100,400,high,8,high,0.010101010101010102,0.010101010101010102,0.96175,0.96175,20
100,400,high,8,low,0.010101010101010102,0.010101010101010102,0.9615,0.9615,20
100,400,high,8,medium,0.010101010101010102,0.010101010101010102,0.9557499999999999,0.9557499999999999,20
100,400,low,2,high,0.010101010101010102,0.010101010101010102,1.0,1.0,20
100,400,low,2,low,0.010101010101010102,0.010101010101010102,1.0,1.0,20
100,400,low,2,medium,0.010101010101010102,0.010101010101010102,1.0,1.0,20
100,400,low,4,high,0.010101010101010102,0.010101010101010102,1.0,1.0,20
100,400,low,4,low,0.010101010101010102,0.010101010101010102,1.0,1.0,20
100,400,low,4,medium,0.010101010101010102,0.010101010101010102,1.0,1.0,20
100,400,low,8,high,0.010101010101010102,0.010101010101010102,1.0,1.0,20
100,400,low,8,low,0.010101010101010102,0.010101010101010102,1.0,1.0,20
100,400,low,8,medium,0.010101010101010102,0.010101010101010102,1.0,1.0,20
100,400,medium,2,high,0.010101010101010102,0.010101010101010102,0.9925,0.9924999999999999,20
100,400,medium,2,low,0.010101010101010102,0.010101010101010102,0.9945,0.9944999999999998,20
100,400,medium,2,medium,0.010101010101010102,0.010101010101010102,0.9942499999999999,0.9942499999999999,20
100,400,medium,4,high,0.010101010101010102,0.010101010101010102,0.998,0.998,20
100,400,medium,4,low,0.010101010101010102,0.010101010101010102,0.99825,0.99825,20
100,400,medium,4,medium,0.010101010101010102,0.010101010101010102,0.9994999999999999,0.9994999999999999,20
100,400,medium,8,high,0.010101010101010102,0.010101010101010102,1.0,1.0,20
100,400,medium,8,low,0.010101010101010102,0.010101010101010102,0.99975,0.99975,20
100,400,medium,8,medium,0.010101010101010102,0.010101010101010102,0.9995,0.9994999999999999,20
200,20,extreme,2,high,8.345575411756416,0.7732436893768926,0.6765000000000001,0.31538125,20
200,20,extreme,2,low,9.14030208643985,5.1847757514262955,0.30425,0.25858749999999997,20
200,20,extreme,2,medium,8.887913075053891,2.5515649905932887,0.42525,0.27052187499999997,20
200,20,extreme,4,high,3.728317210433109,0.14860516116069772,0.95625,0.6505687499999999,20
200,20,extreme,4,low,4.531985267912301,2.3896485020832454,0.68475,0.5996312500000001,20
200,20,extreme,4,medium,1.9792329721876325,0.17758823736029844,0.79675,0.6104499999999999,20
200,20,extreme,8,high,1.8356020279164769,0.060464081739122114,0.99725,0.8279875000000001,20
200,20,extreme,8,low,1.5445688218933145,0.5295006798539585,0.87475,0.78663125,20
200,20,extreme,8,medium,1.907353384534996,0.08227471030799259,0.9657499999999999,0.806875,20
200,20,high,2,high,9.474211273722625,0.839811637333459,0.796,0.188240625,20
200,20,high,2,low,8.78054137699677,5.203917041461473,0.075,0.042281250000000006,20
200,20,high,2,medium,9.767290712960634,2.489971194449524,0.225,0.070121875,20
200,20,high,4,high,4.871164858142024,0.20201583829985165,0.95475,0.41735,20
200,20,high,4,low,2.806190277480502,1.2158001284644135,0.53625,0.40425625,20
200,20,high,4,medium,2.4626720362386263,0.19721898879046307,0.781,0.4368187499999999,20
200,20,high,8,high,2.29177466112692,0.06720223900732192,0.99975,0.694365625,20
200,20,high,8,low,1.6232355158097405,0.6059859137218644,0.8067500000000001,0.631553125,20
200,20,high,8,medium,1.924384671896229,0.10558156763330581,0.951,0.6715687499999999,20
200,20,low,2,high,10.939544353035956,1.0255753289429648,0.98225,0.112728125,20
200,20,low,2,low,9.034990844791594,5.413265682179096,0.0,0.0,20
200,20,low,2,medium,7.7373586369640694,2.3001076764143953,0.00125,0.00493125,20
200,20,low,4,high,5.320693007620838,0.17590552594427994,0.99975,0.3157875,20
200,20,low,4,low,3.9379254258850973,1.967335854555094,0.35925,0.125146875,20
200,20,low,4,medium,3.79789308194548,0.6046173674146537,0.8247500000000001,0.23297812499999998,20
200,20,low,8,high,1.0893871480915345,0.0473835393367526,1.0,0.47393125,20
200,20,low,8,low,1.747032851547432,0.6326000869936145,0.75525,0.318903125,20
200,20,low,8,medium,1.7288822933813341,0.13946450301220698,0.975,0.37678749999999994,20
200,20,medium,2,high,10.571873675757294,0.8289676812765352,0.8875,0.1318375,20
200,20,medium,2,low,8.983437561301002,5.23360827920359,0.0005,8.4375e-05,20
200,20,medium,2,medium,8.12361562168646,2.5501683555660373,0.055999999999999994,0.011678125000000001,20
200,20,medium,4,high,5.353961834342339,0.18733754318996554,0.99875,0.362825,20
200,20,medium,4,low,3.94688217778236,2.0357486206721633,0.29275,0.14590625000000002,20
200,20,medium,4,medium,3.4873797659908137,0.5079687091525323,0.7275,0.292990625,20
200,20,medium,8,high,1.266775879080451,0.0505442926761301,1.0,0.572834375,20
200,20,medium,8,low,1.7323194546741376,0.7970887013689665,0.68975,0.38527187500000004,20
200,20,medium,8,medium,1.890522620615922,0.11583607085294259,0.9525,0.48983125000000005,20
200,50,extreme,2,high,3.4930816405255714,0.41669466294288404,0.78,0.368565625,20
200,50,extreme,2,low,3.0158436669075384,2.1373825262428223,0.40075000000000005,0.337565625,20
200,50,extreme,2,medium,2.8511060511719064,1.2670994963829976,0.5417500000000001,0.33908125,20
200,50,extreme,4,high,1.1812957129751827,0.09086746357833554,0.97525,0.666359375,20
200,50,extreme,4,low,0.6586827225389028,0.34065150675074074,0.76225,0.676340625,20
200,50,extreme,4,medium,0.9260388411237683,0.1377573253359749,0.8862500000000001,0.6652250000000001,20
200,50,extreme,8,high,0.27555499930927874,0.028610126714980352,1.0,0.84411875,20
200,50,extreme,8,low,0.244972092404293,0.046693960951917385,0.9185000000000001,0.8327656250000001,20
200,50,extreme,8,medium,0.27392222577680053,0.05332111621376967,0.98375,0.8263125,20
200,50,high,2,high,2.7886079125790797,0.463985003261234,0.9147500000000001,0.280025,20
200,50,high,2,low,3.0099075947818115,2.2365685313666503,0.22325,0.137596875,20
200,50,high,2,medium,2.9809607604817248,1.308311365107154,0.49574999999999997,0.182596875,20
200,50,high,4,high,0.6288407940552455,0.0740738944026223,0.9959999999999999,0.6143625,20
200,50,high,4,low,0.4562298694242801,0.16664140712369382,0.70875,0.56104375,20
200,50,high,4,medium,0.5540109100136235,0.12076449781538567,0.93925,0.6023,20
200,50,high,8,high,0.29981696200248076,0.03581870480152054,1.0,0.74696875,20
200,50,high,8,low,0.1722322668847754,0.03469618654900691,0.93,0.7973312499999999,20
200,50,high,8,medium,0.2958547661065341,0.05442949327491224,0.9977499999999999,0.7734,20
200,50,low,2,high,2.96886708490368,0.4817520152393047,1.0,0.243696875,20
200,50,low,2,low,2.971870568852508,2.2476377474128686,0.0,6.5625e-05,20
200,50,low,2,medium,2.94041797373899,1.2620039012789428,0.36025,0.054753125,20
200,50,low,4,high,1.097421113505067,0.08019778352513349,1.0,0.46336875,20
200,50,low,4,low,0.8396878320569285,0.42718120542250904,0.7424999999999999,0.533,20
200,50,low,4,medium,0.9700465015236077,0.21359381400547256,0.9817500000000001,0.50424375,20
200,50,low,8,high,0.3518771671673762,0.03405219664846097,1.0,0.600690625,20
200,50,low,8,low,0.18888612512476033,0.03812557496608655,1.0,0.889009375,20
200,50,low,8,medium,0.35261393253507817,0.055377044163614955,1.0,0.75658125,20
200,50,medium,2,high,3.405752174441588,0.4910766299732289,0.998,0.2366875,20
200,50,medium,2,low,2.9809064798997316,2.17491049325705,0.026500000000000003,0.006171875,20
200,50,medium,2,medium,3.1679198027539424,1.3139220753135932,0.4205,0.07232187500000001,20
200,50,medium,4,high,1.0981667538530209,0.06889330830455975,1.0,0.488125,20
200,50,medium,4,low,1.0837968808652594,0.5906402496946174,0.6785,0.475990625,20
200,50,medium,4,medium,0.49306999476759916,0.12273006302521239,0.99225,0.58735,20
200,50,medium,8,high,0.30099092908617187,0.025859134295560266,1.0,0.660871875,20
200,50,medium,8,low,0.19017088197489945,0.05194679758889329,0.9470000000000001,0.8066968749999999,20
200,50,medium,8,medium,0.2287433463199824,0.04247577640792527,0.99975,0.7602343749999999,20
200,100,extreme,2,high,1.110119959939219,0.0889675692728524,0.8724999999999999,0.48955937499999996,20
200,100,extreme,2,low,0.9982670374008571,0.7753882461009194,0.5559999999999999,0.48628437500000005,20
200,100,extreme,2,medium,1.0076086036198357,0.4483088626271343,0.7095,0.4984375,20
200,100,extreme,4,high,0.28390667338051817,0.006126796586284502,0.994,0.7607999999999999,20
200,100,extreme,4,low,0.46400962553950975,0.35124442735291617,0.841,0.7690187500000001,20
200,100,extreme,4,medium,0.3171957884534906,0.055886610010229695,0.943,0.760475,20
200,100,extreme,8,high,0.13424995020203406,0.005025125628140704,1.0,0.8798843749999999,20
200,100,extreme,8,low,0.09821806795431479,0.026037996442433358,0.9637499999999999,0.8996999999999999,20
200,100,extreme,8,medium,0.11639960166499852,0.024341830906723715,0.99925,0.8936125,20
200,100,high,2,high,1.0392884565808536,0.024945055242541384,0.9869999999999999,0.497159375,20
200,100,high,2,low,0.9800734476075088,0.7870583556210038,0.64325,0.49997499999999995,20
200,100,high,2,medium,0.9882899156046534,0.44904162693361815,0.88225,0.51101875,20
200,100,high,4,high,0.2848597820688624,0.010752981942187883,1.0,0.771790625,20
200,100,high,4,low,0.34046038158170167,0.21714423513805126,0.9105000000000001,0.8308843749999999,20
200,100,high,4,medium,0.21251723747103907,0.044489410802778934,0.99075,0.816459375,20
200,100,high,8,high,0.12502717842206929,0.008973945572854627,1.0,0.8669125,20
200,100,high,8,low,0.1293694073489428,0.024335650285399465,0.98675,0.9351906249999999,20
200,100,high,8,medium,0.14001285597197,0.024759774942726867,0.99975,0.919840625,20
200,100,low,2,high,0.9676126490873018,0.0724553207053987,1.0,0.502978125,20
200,100,low,2,low,1.0021079751869486,0.7688122281130546,0.9862500000000001,0.499590625,20
200,100,low,2,medium,0.9732673954886183,0.4278614834015041,1.0,0.497484375,20
200,100,low,4,high,0.2609119109154582,0.013385359644205553,1.0,0.7566625,20
200,100,low,4,low,0.33852576804674317,0.2496150469559356,1.0,0.9564999999999999,20
200,100,low,4,medium,0.3142199567168079,0.06149199751214423,1.0,0.9071281250000001,20
200,100,low,8,high,0.12434269598886098,0.008719388051069567,1.0,0.8314406249999999,20
200,100,low,8,low,0.06618071243040856,0.014927517308316079,1.0,0.9999874999999999,20
200,100,low,8,medium,0.11474330575907528,0.021636326096889803,1.0,0.986265625,20
200,100,medium,2,high,0.9849398101216389,0.06937724703072748,1.0,0.50383125,20
200,100,medium,2,low,1.0068940625284375,0.7811708715994405,0.8089999999999999,0.492584375,20
200,100,medium,2,medium,1.030188781639656,0.47619471438055166,0.9945,0.49517187499999993,20
200,100,medium,4,high,0.2359005720655345,0.011731692101181326,1.0,0.80584375,20
200,100,medium,4,low,0.1832581955696593,0.08025440775928948,0.98925,0.9585125,20
200,100,medium,4,medium,0.29850319269479564,0.0829009515045924,0.99975,0.8654437500000001,20
200,100,medium,8,high,0.12263897513167513,0.007030075643520282,1.0,0.8520218749999999,20
200,100,medium,8,low,0.10018305710036075,0.024389642376823416,1.0,0.9970062499999999,20
200,100,medium,8,medium,0.10106875309027558,0.022488043057498127,1.0,0.974415625,20
200,200,extreme,2,high,0.011099571964941891,0.005025125628140704,0.84575,0.716971875,20
200,200,extreme,2,low,0.005025125628140704,0.005025125628140704,0.788,0.776809375,20
200,200,extreme,2,medium,0.005025125628140704,0.005025125628140704,0.82125,0.7777000000000001,20
200,200,extreme,4,high,0.005025125628140704,0.005025125628140704,0.97575,0.871409375,20
200,200,extreme,4,low,0.005025125628140704,0.005025125628140704,0.9255000000000001,0.914175,20
200,200,extreme,4,medium,0.005025125628140704,0.005025125628140704,0.9435,0.90300625,20
200,200,extreme,8,high,0.0052325720258299575,0.005025125628140704,0.99875,0.9462624999999999,20
200,200,extreme,8,low,0.005025125628140704,0.005025125628140704,0.9682499999999999,0.9549218749999999,20
200,200,extreme,8,medium,0.005025125628140704,0.005025125628140704,0.9877499999999999,0.95375,20
200,200,high,2,high,0.005851821885234218,0.005025125628140704,0.9882500000000001,0.8709187500000001,20
200,200,high,2,low,0.005025125628140704,0.005025125628140704,0.9834999999999999,0.9797156250000001,20
200,200,high,2,medium,0.005025125628140704,0.005025125628140704,0.9802500000000001,0.9612437500000001,20
200,200,high,4,high,0.0084845181142623,0.005025125628140704,0.99925,0.954346875,20
200,200,high,4,low,0.005025125628140704,0.005025125628140704,0.9957499999999999,0.9947687499999999,20
200,200,high,4,medium,0.005025125628140704,0.005025125628140704,0.9945,0.9884875000000001,20
200,200,high,8,high,0.005025125628140704,0.005025125628140704,1.0,0.9855499999999999,20
200,200,high,8,low,0.005025125628140704,0.005025125628140704,0.9995,0.9986218750000001,20
200,200,high,8,medium,0.005025125628140704,0.005025125628140704,0.99975,0.9970343749999999,20
200,200,low,2,high,0.006497976093684131,0.005025125628140704,1.0,0.9270093750000001,20
200,200,low,2,low,0.005025125628140704,0.005025125628140704,1.0,1.0,20
200,200,low,2,medium,0.005831335448071483,0.005025125628140704,1.0,0.9996375000000001,20
200,200,low,4,high,0.005025125628140704,0.005025125628140704,1.0,0.9749156250000001,20
200,200,low,4,low,0.005025125628140704,0.005025125628140704,1.0,1.0,20
200,200,low,4,medium,0.005025125628140704,0.005025125628140704,1.0,1.0,20
200,200,low,8,high,0.005025125628140704,0.005025125628140704,1.0,0.989746875,20
200,200,low,8,low,0.005025125628140704,0.005025125628140704,1.0,1.0,20
200,200,low,8,medium,0.005025125628140704,0.005025125628140704,1.0,1.0,20
200,200,medium,2,high,0.018063532220594692,0.005025125628140704,1.0,0.908865625,20
200,200,medium,2,low,0.005025125628140704,0.005025125628140704,1.0,0.99999375,20
200,200,medium,2,medium,0.005025125628140704,0.005025125628140704,1.0,0.9977218750000001,20
200,200,medium,4,high,0.005025125628140704,0.005025125628140704,1.0,0.9748187500000001,20
200,200,medium,4,low,0.005025125628140704,0.005025125628140704,1.0,1.0,20
200,200,medium,4,medium,0.005025125628140704,0.005025125628140704,1.0,0.9998812499999999,20
200,200,medium,8,high,0.005025125628140704,0.005025125628140704,1.0,0.9929343749999999,20
200,200,medium,8,low,0.005025125628140704,0.005025125628140704,1.0,1.0,20
200,200,medium,8,medium,0.005025125628140704,0.005025125628140704,1.0,0.9999593750000001,20
200,400,extreme,2,high,0.005025125628140704,0.005025125628140704,0.78225,0.7822250000000001,20
200,400,extreme,2,low,0.005025125628140704,0.005025125628140704,0.7945,0.7945000000000001,20
200,400,extreme,2,medium,0.005025125628140704,0.005025125628140704,0.7805,0.7805,20
200,400,extreme,4,high,0.005025125628140704,0.005025125628140704,0.9092499999999999,0.909209375,20
200,400,extreme,4,low,0.005025125628140704,0.005025125628140704,0.91425,0.91425,20
200,400,extreme,4,medium,0.005025125628140704,0.005025125628140704,0.91175,0.91175,20
200,400,extreme,8,high,0.005025125628140704,0.005025125628140704,0.9629999999999999,0.962990625,20
200,400,extreme,8,low,0.005025125628140704,0.005025125628140704,0.959,0.959,20
200,400,extreme,8,medium,0.005025125628140704,0.005025125628140704,0.967,0.967,20
200,400,high,2,high,0.005025125628140704,0.005025125628140704,0.984,0.9839968750000001,20
200,400,high,2,low,0.005025125628140704,0.005025125628140704,0.982,0.982,20
200,400,high,2,medium,0.005025125628140704,0.005025125628140704,0.9800000000000001,0.9800000000000001,20
200,400,high,4,high,0.005025125628140704,0.005025125628140704,0.9952500000000001,0.9952500000000001,20
200,400,high,4,low,0.005025125628140704,0.005025125628140704,0.99475,0.99475,20
200,400,high,4,medium,0.005025125628140704,0.005025125628140704,0.9957499999999999,0.9957499999999999,20
200,400,high,8,high,0.005025125628140704,0.005025125628140704,0.99825,0.99824375,20
200,400,high,8,low,0.005025125628140704,0.005025125628140704,0.99825,0.99825,20
200,400,high,8,medium,0.005025125628140704,0.005025125628140704,0.9984999999999999,0.9984999999999999,20
200,400,low,2,high,0.005025125628140704,0.005025125628140704,1.0,1.0,20
200,400,low,2,low,0.005025125628140704,0.005025125628140704,1.0,1.0,20
200,400,low,2,medium,0.005025125628140704,0.005025125628140704,1.0,1.0,20
200,400,low,4,high,0.005025125628140704,0.005025125628140704,1.0,1.0,20
200,400,low,4,low,0.005025125628140704,0.005025125628140704,1.0,1.0,20
200,400,low,4,medium,0.005025125628140704,0.005025125628140704,1.0,1.0,20
200,400,low,8,high,0.005025125628140704,0.005025125628140704,1.0,1.0,20
200,400,low,8,low,0.005025125628140704,0.005025125628140704,1.0,1.0,20
200,400,low,8,medium,0.005025125628140704,0.005025125628140704,1.0,1.0,20
200,400,medium,2,high,0.005025125628140704,0.005025125628140704,1.0,0.9995125,20
200,400,medium,2,low,0.005025125628140704,0.005025125628140704,1.0,1.0,20
200,400,medium,2,medium,0.005025125628140704,0.005025125628140704,1.0,1.0,20
200,400,medium,4,high,0.005025125628140704,0.005025125628140704,1.0,1.0,20
200,400,medium,4,low,0.005025125628140704,0.005025125628140704,1.0,1.0,20
200,400,medium,4,medium,0.005025125628140704,0.005025125628140704,1.0,1.0,20
200,400,medium,8,high,0.005025125628140704,0.005025125628140704,1.0,1.0,20
200,400,medium,8,low,0.005025125628140704,0.005025125628140704,1.0,1.0,20
200,400,medium,8,medium,0.005025125628140704,0.005025125628140704,1.0,1.0,20
400,20,extreme,2,high,23.496513918648247,3.0043981523530308,0.20274999999999999,0.05831875000000001,20
400,20,extreme,2,low,18.002659350678726,11.237888127321778,0.03225,0.023021875000000004,20
400,20,extreme,2,medium,18.344426295711017,5.959372396990485,0.0635,0.030018750000000004,20
400,20,extreme,4,high,9.05227746577367,0.6619256048924302,0.73775,0.368390625,20
400,20,extreme,4,low,10.543647420453842,6.137249234378954,0.3195,0.26800625,20
400,20,extreme,4,medium,10.4159537332859,2.725581651564881,0.4305,0.290975,20
400,20,extreme,8,high,5.9413842439235065,0.22285552085125893,0.95075,0.63736875,20
400,20,extreme,8,low,4.152320706681746,2.3033071789198187,0.7072499999999999,0.6164468750000001,20
400,20,extreme,8,medium,4.123085824514021,0.8062428469911247,0.756,0.570421875,20
400,20,high,2,high,19.03918200781164,2.8165221334728536,0.05475,0.012621875000000001,20
400,20,high,2,low,19.02796894753748,11.436554395073333,0.00025,1.8750000000000002e-05,20
400,20,high,2,medium,19.82909831977495,5.973296324250386,0.00125,0.00034375,20
400,20,high,4,high,10.077602458723995,0.9663886259816983,0.65675,0.19808750000000003,20
400,20,high,4,low,9.893595334581997,5.550097023254916,0.19175,0.13897500000000002,20
400,20,high,4,medium,7.3531512897588645,1.840231272364838,0.39625,0.172553125,20
400,20,high,8,high,3.901693609176993,0.15961741302323318,0.931,0.430646875,20
400,20,high,8,low,4.0115570320058715,2.1177308146162708,0.44749999999999995,0.325940625,20
400,20,high,8,medium,5.117028783170776,0.9658788280821677,0.63125,0.34369375,20
400,20,low,2,high,20.12680631582541,2.721320997134393,0.0,0.0062125,20
400,20,low,2,low,18.8453654279882,11.44708512005134,0.0,0.0,20
400,20,low,2,medium,20.051913347254047,5.6236277083853565,0.0,0.0,20
400,20,low,4,high,5.296485141466942,0.30463513115953134,0.8019999999999999,0.22686875,20
400,20,low,4,low,7.844425998604834,4.481409430382902,0.05974999999999999,0.013565625000000001,20
400,20,low,4,medium,10.032880318062496,3.0781024264375674,0.25949999999999995,0.06176875,20
400,20,low,8,high,5.182989680219995,0.22414447061950715,1.0,0.26186875,20
400,20,low,8,low,3.249652969723842,1.5405869528759464,0.29575,0.0677125,20
400,20,low,8,medium,4.113197116486816,0.7080394245873134,0.6627500000000001,0.162340625,20
400,20,medium,2,high,21.786815425585186,2.9995481675283235,0.00075,0.007196875,20
400,20,medium,2,low,19.24383821241299,11.425016366661461,0.0,0.0,20
400,20,medium,2,medium,18.732456186543807,6.160582011502518,0.0,0.0,20
400,20,medium,4,high,15.093068326178154,1.6465060242396263,0.46575,0.14401875,20
400,20,medium,4,low,6.406320883713729,3.5910929973845054,0.0915,0.030100000000000005,20
400,20,medium,4,medium,4.596826338095213,1.2035499259487352,0.5197499999999999,0.142940625,20
400,20,medium,8,high,3.782696025132288,0.15470558414826335,1.0,0.33836875,20
400,20,medium,8,low,4.8103414614680995,2.776536039788228,0.223,0.09365,20
400,20,medium,8,medium,5.302967541270319,1.1614665015086723,0.6385,0.16105,20
400,50,extreme,2,high,7.257536478687249,1.7693416926045615,0.351,0.09982500000000001,20
400,50,extreme,2,low,6.9689191672526665,5.415596631735145,0.07275000000000001,0.054490625,20
400,50,extreme,2,medium,6.934267141198136,3.496170324675955,0.11125,0.051290625,20
400,50,extreme,4,high,1.7485089191691794,0.145412641433119,0.8602500000000001,0.490421875,20
400,50,extreme,4,low,2.3966168697547703,1.6440434271311042,0.465,0.39450624999999995,20
400,50,extreme,4,medium,2.4160660145785995,0.901896992427047,0.6214999999999999,0.41650937499999996,20
400,50,extreme,8,high,0.8441883440737448,0.11065999702095125,0.9804999999999999,0.699165625,20
400,50,extreme,8,low,0.9865258350859513,0.5297000879947622,0.75925,0.6665875,20
400,50,extreme,8,medium,1.4338447041738371,0.28478936092394114,0.8422499999999999,0.616703125,20
400,50,high,2,high,7.06703132625417,1.9131395032083203,0.231,0.035346875,20
400,50,high,2,low,6.993429280975256,5.511952263538003,0.0005,0.000325,20
400,50,high,2,medium,7.0007648078213425,3.5982653717640734,0.008749999999999999,0.0018187500000000003,20
400,50,high,4,high,2.7219629307070234,0.19371707824304268,0.90075,0.354196875,20
400,50,high,4,low,4.109826724108149,3.01732714390828,0.24775,0.18108125,20
400,50,high,4,medium,2.6274006179161504,1.2452126859920298,0.5207499999999999,0.257659375,20
400,50,high,8,high,1.2755772416780533,0.08489464659338022,0.9835,0.564359375,20
400,50,high,8,low,1.0445365088045357,0.6918926263066353,0.6265,0.48946562499999996,20
400,50,high,8,medium,1.065667163139555,0.22687916442303593,0.87475,0.541240625,20
400,50,low,2,high,7.00270324240703,1.86111698787798,0.041249999999999995,0.017621875000000002,20
400,50,low,2,low,7.076576453872558,5.438532309973311,0.0,0.0,20
400,50,low,2,medium,7.18641151288332,3.6507970130426473,0.0,0.0,20
400,50,low,4,high,2.0870696477057593,0.17060169449890955,0.95,0.349415625,20
400,50,low,4,low,2.333232215305621,1.6239582823761902,0.33575,0.18414999999999998,20
400,50,low,4,medium,2.4605373100425076,1.0386828893688063,0.5702499999999999,0.17502500000000001,20
400,50,low,8,high,1.0135971532231698,0.06966407320153341,1.0,0.49920624999999996,20
400,50,low,8,low,1.256692354362591,0.8310063208503315,0.58475,0.36054375,20
400,50,low,8,medium,1.0118925102601921,0.14263484105278512,0.9497500000000001,0.4417625,20
400,50,medium,2,high,7.3945161454339,1.8998648179795454,0.042499999999999996,0.01888125,20
400,50,medium,2,low,7.091200881025063,5.333532496039228,0.0,0.0,20
400,50,medium,2,medium,7.0223427123386974,3.5700469738916025,0.0,0.0,20
400,50,medium,4,high,2.1355387206529763,0.2297078638106131,0.857,0.324621875,20
400,50,medium,4,low,3.415036884268612,2.48052557494907,0.19125,0.0973125,20
400,50,medium,4,medium,3.5523004547322055,1.6367517916374341,0.41075,0.152696875,20
400,50,medium,8,high,1.1703412516432805,0.08644188948888587,0.99125,0.465909375,20
400,50,medium,8,low,1.30727384094889,0.7765652441286979,0.69675,0.45754062500000003,20
400,50,medium,8,medium,1.2317777979173665,0.27312388277061017,0.762,0.38593125,20
400,100,extreme,2,high,2.8893233899025215,1.1195786384257977,0.548,0.19103125,20
400,100,extreme,2,low,2.9806410563528885,2.560959152116455,0.16875,0.130009375,20
400,100,extreme,2,medium,3.0270724851734143,1.929004327427847,0.2705,0.141696875,20
400,100,extreme,4,high,0.7553496142956876,0.09233282620703034,0.95,0.5721468749999999,20
400,100,extreme,4,low,0.5729777825898716,0.40621735856761654,0.61575,0.546459375,20
400,100,extreme,4,medium,0.9358483419479332,0.4249941667380299,0.74875,0.52813125,20
400,100,extreme,8,high,0.29216275760081,0.045469506846936375,0.9964999999999999,0.759015625,20
400,100,extreme,8,low,0.23261007010092227,0.1119415672361789,0.841,0.7584187499999999,20
400,100,extreme,8,medium,0.19317304411827166,0.044798312087474396,0.9629999999999999,0.798384375,20
400,100,high,2,high,2.927942673834486,1.1562769801508472,0.5635,0.10546249999999999,20
400,100,high,2,low,3.0073274666579204,2.5777441166200012,0.02125,0.010615625,20
400,100,high,2,medium,3.071098638421409,1.8758644825786965,0.11300000000000002,0.027881250000000003,20
400,100,high,4,high,0.7432475126327197,0.10055968967058768,0.9935,0.55946875,20
400,100,high,4,low,1.2493007512616252,0.9996271464730526,0.5245,0.42486562499999997,20
400,100,high,4,medium,1.0789526921033494,0.49965203862626417,0.7825,0.49339374999999996,20
400,100,high,8,high,0.22970446524836224,0.03582767393363276,1.0,0.7686437500000001,20
400,100,high,8,low,0.17890346531103823,0.08431078945304851,0.9037499999999999,0.829965625,20
400,100,high,8,medium,0.18951297059613206,0.04304498894458161,0.9785,0.788125,20
400,100,low,2,high,2.975708036686781,1.1218888607789312,0.7285,0.0747375,20
400,100,low,2,low,3.0113133511493397,2.550891140024166,0.0,0.0,20
400,100,low,2,medium,2.97567943726012,1.8979881306270163,0.0,0.00040625000000000004,20
400,100,low,4,high,0.6194186226055498,0.10557727443477716,1.0,0.5971093749999999,20
400,100,low,4,low,0.9473738407466163,0.7255119273260358,0.60825,0.503565625,20
400,100,low,4,medium,0.8340897761358943,0.3663594897866548,0.805,0.4761,20
400,100,low,8,high,0.2435337183612089,0.038251034600194814,1.0,0.7290625000000001,20
400,100,low,8,low,0.23748467688428826,0.12745096718698387,1.0,0.9722781250000001,20
400,100,low,8,medium,0.2020450732514617,0.04571484199186762,1.0,0.85845,20
400,100,medium,2,high,2.8255503983028207,1.0919385232365428,0.643,0.08560625,20
400,100,medium,2,low,3.014685513814066,2.5599012667681187,0.0,0.0,20
400,100,medium,2,medium,3.0171863617893626,1.900887277434188,0.0017500000000000003,0.0016125,20
400,100,medium,4,high,0.6978484851139398,0.09623687380198173,0.99825,0.558559375,20
400,100,medium,4,low,1.0166531144114104,0.8028245790823199,0.57075,0.4788375,20
400,100,medium,4,medium,0.9425727782636716,0.4176089498277694,0.82775,0.505853125,20
400,100,medium,8,high,0.27670761307597946,0.04121788151396815,1.0,0.7165874999999999,20
400,100,medium,8,low,0.2842496842526701,0.16849460315570106,0.9814999999999999,0.9327,20
400,100,medium,8,medium,0.20965651117267542,0.042586563086714976,0.90725,0.776728125,20
400,200,extreme,2,high,1.0118938315840635,0.37048251936075993,0.9092499999999999,0.491646875,20
400,200,extreme,2,low,1.009513183800927,0.8845496369432921,0.5825,0.503190625,20
400,200,extreme,2,medium,1.0106501992125314,0.7045683306317991,0.71975,0.49544375,20
400,200,extreme,4,high,0.31955896406559137,0.06848355293982501,0.9957499999999999,0.816090625,20
400,200,extreme,4,low,0.38327648097600253,0.3124754611243765,0.8644999999999999,0.817484375,20
400,200,extreme,4,medium,0.3728596730421837,0.1607546744365519,0.9390000000000001,0.8317593750000001,20
400,200,extreme,8,high,0.12945481914368334,0.023939570679040963,1.0,0.9066531250000001,20
400,200,extreme,8,low,0.07973462616810884,0.030089879001979188,0.96675,0.93975625,20
400,200,extreme,8,medium,0.08804388587713846,0.01746276654546776,0.9977499999999999,0.936975,20
400,200,high,2,high,1.0374425070318243,0.37156433494104224,0.9952500000000001,0.5004625,20
400,200,high,2,low,1.0037614665081993,0.8826999937300308,0.6527499999999999,0.496915625,20
400,200,high,2,medium,1.0084715242117857,0.6848742305010582,0.8605,0.49689375,20
400,200,high,4,high,0.3023268746391285,0.06852475367539371,1.0,0.866571875,20
400,200,high,4,low,0.3478759310478827,0.29528166215038193,0.96275,0.9325906250000001,20
400,200,high,4,medium,0.27272181688990477,0.10978460043897183,0.99125,0.9342437499999999,20
400,200,high,8,high,0.153124998763955,0.0275034954847072,1.0,0.9492218749999999,20
400,200,high,8,low,0.06767583824933565,0.012576889206450087,0.99825,0.9970812500000001,20
400,200,high,8,medium,0.10734590235159044,0.020602842496040018,0.99975,0.9912875,20
400,200,low,2,high,1.0181016863080412,0.40036358508412906,1.0,0.49598125,20
400,200,low,2,low,0.9996979021670074,0.8747899859886139,0.98675,0.514975,20
400,200,low,2,medium,1.0100645988414603,0.7102336539819062,1.0,0.4743875,20
400,200,low,4,high,0.2818595393378853,0.04679205118431192,1.0,0.9019125000000001,20
400,200,low,4,low,0.33742802124327936,0.2962734098085833,1.0,0.987078125,20
400,200,low,4,medium,0.21584314772501023,0.07014648692599783,1.0,0.9768375,20
400,200,low,8,high,0.12269119211186583,0.022178864409647225,1.0,0.977303125,20
400,200,low,8,low,0.1426106510601409,0.07912767834703643,1.0,1.0,20
400,200,low,8,medium,0.11566038305142015,0.026677803827508687,1.0,1.0,20
400,200,medium,2,high,0.9997033213904067,0.37156839775068196,1.0,0.49432187499999997,20
400,200,medium,2,low,0.9916846288809336,0.8810479751010367,0.8119999999999999,0.50883125,20
400,200,medium,2,medium,0.9902363580550164,0.6675172124357232,0.9949999999999999,0.5110187500000001,20
400,200,medium,4,high,0.38511640717172924,0.06961153652179128,1.0,0.8369468750000001,20
400,200,medium,4,low,0.2972402837175443,0.2577460236433937,0.9872500000000001,0.955640625,20
400,200,medium,4,medium,0.335559974238892,0.10828718121037499,1.0,0.920884375,20
400,200,medium,8,high,0.11855469509395208,0.01782758009927147,1.0,0.96505625,20
400,200,medium,8,low,0.06082474886633413,0.015241094209067935,1.0,0.9997093749999999,20
400,200,medium,8,medium,0.11354971769298866,0.019988741589309834,1.0,0.999984375,20
400,400,extreme,2,high,0.0031453678901514712,0.002506265664160401,0.98325,0.95435625,20
400,400,extreme,2,low,0.002506265664160401,0.002506265664160401,0.9834999999999999,0.98246875,20
400,400,extreme,2,medium,0.002506265664160401,0.002506265664160401,0.98225,0.9756499999999999,20
400,400,extreme,4,high,0.002798154707554038,0.002506265664160401,0.9977499999999999,0.9898624999999999,20
400,400,extreme,4,low,0.002506265664160401,0.002506265664160401,0.9925,0.9916656250000001,20
400,400,extreme,4,medium,0.002506265664160401,0.002506265664160401,0.9952500000000001,0.99325625,20
400,400,extreme,8,high,0.0025597092235888283,0.002506265664160401,0.9995,0.9961,20
400,400,extreme,8,low,0.002506265664160401,0.002506265664160401,0.99975,0.99961875,20
400,400,extreme,8,medium,0.002506265664160401,0.002506265664160401,0.99925,0.9983906250000001,20
400,400,high,2,high,0.003259904641832509,0.002506265664160401,1.0,0.993884375,20
400,400,high,2,low,0.002506265664160401,0.002506265664160401,1.0,0.9999968750000001,20
400,400,high,2,medium,0.002506265664160401,0.002506265664160401,1.0,0.9999656250000001,20
400,400,high,4,high,0.0036392092670752487,0.002506265664160401,1.0,0.9995687500000001,20
400,400,high,4,low,0.002506265664160401,0.002506265664160401,1.0,1.0,20
400,400,high,4,medium,0.002506265664160401,0.002506265664160401,1.0,1.0,20
400,400,high,8,high,0.004924957848095294,0.002506265664160401,1.0,0.9998687500000001,20
400,400,high,8,low,0.002506265664160401,0.002506265664160401,1.0,1.0,20
400,400,high,8,medium,0.002582702263503555,0.002506265664160401,1.0,1.0,20
400,400,low,2,high,0.002506265664160401,0.002506265664160401,1.0,0.9980218750000001,20
400,400,low,2,low,0.002506265664160401,0.002506265664160401,1.0,1.0,20
400,400,low,2,medium,0.002769080544067808,0.002506265664160401,1.0,1.0,20
400,400,low,4,high,0.002506265664160401,0.002506265664160401,1.0,0.999471875,20
400,400,low,4,low,0.002506265664160401,0.002506265664160401,1.0,1.0,20
400,400,low,4,medium,0.005115439265828078,0.002506265664160401,1.0,1.0,20
400,400,low,8,high,0.002506265664160401,0.002506265664160401,1.0,1.0,20
400,400,low,8,low,0.002506265664160401,0.002506265664160401,1.0,1.0,20
400,400,low,8,medium,0.002506265664160401,0.002506265664160401,1.0,1.0,20
400,400,medium,2,high,0.003424609488206538,0.002506265664160401,1.0,0.9974281250000001,20
400,400,medium,2,low,0.002506265664160401,0.002506265664160401,1.0,1.0,20
400,400,medium,2,medium,0.0027090897787968972,0.002506265664160401,1.0,1.0,20
400,400,medium,4,high,0.002506265664160401,0.002506265664160401,1.0,0.9999625,20
400,400,medium,4,low,0.002506265664160401,0.002506265664160401,1.0,1.0,20
400,400,medium,4,medium,0.0028763850240386916,0.002506265664160401,1.0,1.0,20
400,400,medium,8,high,0.002506265664160401,0.002506265664160401,1.0,0.9993500000000001,20
400,400,medium,8,low,0.002506265664160401,0.002506265664160401,1.0,1.0,20
400,400,medium,8,medium,0.002506265664160401,0.002506265664160401,1.0,1.0,20
800,20,extreme,2,high,40.6600533990581,6.607202768439098,0.0005,0.000271875,20
800,20,extreme,2,low,39.66477196140599,23.880750942242514,0.0,0.0,20
800,20,extreme,2,medium,37.81651637333367,12.446215662791042,0.00025,6.562500000000001e-05,20
800,20,extreme,4,high,17.697399485513813,2.328931940014649,0.3595,0.150709375,20
800,20,extreme,4,low,16.98496246898452,10.513570425725739,0.155,0.127859375,20
800,20,extreme,4,medium,16.47452642824735,5.752102473665229,0.145,0.086490625,20
800,20,extreme,8,high,7.785699251822566,0.7800815550537732,0.726,0.36166875,20
800,20,extreme,8,low,11.120552273505357,5.811467790697055,0.26825,0.22435,20
800,20,extreme,8,medium,10.73705211500213,2.6613514231557462,0.43925000000000003,0.284171875,20
800,20,high,2,high,45.58731786593367,6.473137743028473,0.0,0.0,20
800,20,high,2,low,38.69170721064515,23.401817929780012,0.0,0.0,20
800,20,high,2,medium,37.996291688321634,12.45258446643712,0.0,0.0,20
800,20,high,4,high,12.225025307723179,2.4174502911456566,0.3415,0.081953125,20
800,20,high,4,low,12.638707787792601,6.688864384066633,0.0595,0.03431875,20
800,20,high,4,medium,15.416524619022113,5.166569470164536,0.11875,0.044015625,20
800,20,high,8,high,9.726108607794206,0.8484737721884524,0.66175,0.194346875,20
800,20,high,8,low,8.216724778419863,4.126541870413325,0.14525000000000002,0.092025,20
800,20,high,8,medium,9.497595811551992,2.6362729998036327,0.22925,0.07927500000000001,20
800,20,low,2,high,31.81443316170197,6.7223902014069665,0.0,0.0,20
800,20,low,2,low,40.616476588096944,24.144556447536964,0.0,0.0,20
800,20,low,2,medium,39.29757842614555,12.689463298615612,0.0,0.0,20
800,20,low,4,high,23.67243961560083,3.512633795720446,0.217,0.042653125,20
800,20,low,4,low,17.982192372360288,10.524219282758295,0.0,9.375000000000001e-06,20
800,20,low,4,medium,22.406443650438217,7.637033258880306,0.0,0.0001,20
800,20,low,8,high,9.623882666473579,0.799312875068589,0.74775,0.12838125,20
800,20,low,8,low,11.122361573344122,7.2851149666323725,0.0,2.8125000000000003e-05,20
800,20,low,8,medium,9.189702122950909,2.459303315479688,0.17425,0.024265625,20
800,20,medium,2,high,41.83456075538368,6.278136478739723,0.0,0.0,20
800,20,medium,2,low,38.68404418699279,23.472093903786153,0.0,0.0,20
800,20,medium,2,medium,38.34934315236768,12.71892098373871,0.0,0.0,20
800,20,medium,4,high,13.611776504333836,1.2457704772079823,0.5347500000000001,0.11664062500000001,20
800,20,medium,4,low,18.387781728537874,10.638569789466928,0.0027500000000000003,0.000503125,20
800,20,medium,4,medium,20.51560860714251,5.609830572822145,0.07475,0.012562499999999999,20
800,20,medium,8,high,10.34999521040129,1.5311974759972227,0.49275,0.10104374999999999,20
800,20,medium,8,low,9.766914994266259,5.9996279527620535,0.001,0.000296875,20
800,20,medium,8,medium,12.423645896416382,2.6716260406381664,0.133,0.025934375000000003,20
800,50,extreme,2,high,15.0365900142389,4.680566390836164,0.002,0.00071875,20
800,50,extreme,2,low,14.885388471651233,11.819035260864004,0.0,0.0,20
800,50,extreme,2,medium,14.869119346813966,8.001106876370866,0.0005,0.00010937500000000002,20
800,50,extreme,4,high,6.226248590893769,1.4792980261304947,0.454,0.188221875,20
800,50,extreme,4,low,5.844975058619694,4.394429290058547,0.18375000000000002,0.15252187499999997,20
800,50,extreme,4,medium,4.754102215157117,2.1428583466234454,0.33849999999999997,0.21820625,20
800,50,extreme,8,high,3.295448216743363,0.48733675376981744,0.79475,0.409265625,20
800,50,extreme,8,low,3.4185916161446968,2.65696202436955,0.40125,0.33753125,20
800,50,extreme,8,medium,3.55968483862701,1.667773772121218,0.5315,0.356646875,20
800,50,high,2,high,14.965540773986278,4.835657289316702,0.0,1.5625e-05,20
800,50,high,2,low,15.029997504012574,11.869180789195688,0.0,0.0,20
800,50,high,2,medium,15.635827992325924,8.400314747160907,0.0,0.0,20
800,50,high,4,high,8.09369730472634,2.7362536323023683,0.28525,0.078934375,20
800,50,high,4,low,7.146438764405119,5.322405708274463,0.07350000000000001,0.04975625,20
800,50,high,4,medium,5.1299963712709005,2.615898931330901,0.24625,0.10001562500000001,20
800,50,high,8,high,3.3067268940673564,0.4633507311668977,0.8355,0.29325,20
800,50,high,8,low,3.166403549833033,2.355367135067106,0.27575,0.190146875,20
800,50,high,8,medium,4.64654337988044,2.158466202031752,0.30175,0.11917499999999999,20
800,50,low,2,high,14.931353267468568,4.82597487298667,0.0,0.0,20
800,50,low,2,low,15.127767137273597,11.916178256852076,0.0,0.0,20
800,50,low,2,medium,14.734759848089176,8.095666971132308,0.0,0.0,20
800,50,low,4,high,6.959939524990266,1.7502094531256067,0.45225,0.10547500000000001,20
800,50,low,4,low,6.275347099298253,4.762146085346771,0.052750000000000005,0.00846875,20
800,50,low,4,medium,6.803981663042303,3.327702366691698,0.13999999999999999,0.021321874999999997,20
800,50,low,8,high,3.4264003912160295,0.6656280586827588,0.8605,0.222303125,20
800,50,low,8,low,3.6494243952905485,2.718508451647941,0.09575,0.01995625,20
800,50,low,8,medium,3.702725386565593,1.7652319846808653,0.31925,0.056756249999999994,20
800,50,medium,2,high,16.0304687930113,4.956128766436732,0.0,0.0,20
800,50,medium,2,low,14.767411153922838,11.863925627793279,0.0,0.0,20
800,50,medium,2,medium,14.987486704102512,8.423644567871467,0.0,0.0,20
800,50,medium,4,high,4.658888836436594,1.140987931456777,0.514,0.19659374999999998,20
800,50,medium,4,low,7.92366674271543,5.920043082480847,0.041499999999999995,0.01970625,20
800,50,medium,4,medium,7.954239041880484,4.2288893898251,0.11850000000000001,0.027734375,20
800,50,medium,8,high,2.451113230736032,0.2742806332885296,0.9047499999999999,0.2979375,20
800,50,medium,8,low,3.5529756328319935,2.7184675435842065,0.14225000000000002,0.05997812500000001,20
800,50,medium,8,medium,3.016838826859156,1.294395736866579,0.4795,0.13730625000000002,20
800,100,extreme,2,high,6.914726963287226,3.3121777172796523,0.013500000000000002,0.0029718749999999997,20
800,100,extreme,2,low,6.989837068516105,6.113150758325158,0.0,0.0,20
800,100,extreme,2,medium,7.117918881719792,4.820849330292843,0.0017500000000000003,0.0005281250000000001,20
800,100,extreme,4,high,2.2721852162656573,0.7920399592844227,0.6045,0.310021875,20
800,100,extreme,4,low,3.1266826751505783,2.69760482352574,0.27075,0.23025937500000002,20
800,100,extreme,4,medium,2.9976274190783405,1.9852145566196389,0.335,0.20683125000000002,20
800,100,extreme,8,high,1.1033686819889479,0.12689187469938984,0.9365,0.54476875,20
800,100,extreme,8,low,1.0609342210582313,0.8275678743148622,0.5605,0.497340625,20
800,100,extreme,8,medium,1.758070277924432,1.1202449543156332,0.6395,0.44244062500000003,20
800,100,high,2,high,7.061884796163346,3.3896310998030916,0.0,2.5e-05,20
800,100,high,2,low,6.972515694035613,6.1065515410557865,0.0,0.0,20
800,100,high,2,medium,7.177042716109259,4.967748327535416,0.0,0.0,20
800,100,high,4,high,1.9142101037273673,0.4429603447714431,0.61825,0.28450312499999997,20
800,100,high,4,low,3.70034004619807,3.163942873892614,0.22000000000000003,0.16939375,20
800,100,high,4,medium,4.298983516239777,2.8224952827806584,0.217,0.102771875,20
800,100,high,8,high,1.2171609841055044,0.114328643653792,0.929,0.459090625,20
800,100,high,8,low,1.402818435976412,1.1489303380618692,0.44625000000000004,0.35460624999999996,20
800,100,high,8,medium,1.1963090859256358,0.6824248597471118,0.7152499999999999,0.41041875,20
800,100,low,2,high,6.893727483793112,3.1766578951514886,0.0,0.0,20
800,100,low,2,low,7.012197897215087,6.1246644944962725,0.0,0.0,20
800,100,low,2,medium,6.984375810538572,4.741220701193633,0.0,0.0,20
800,100,low,4,high,2.235938550549294,0.6204241934651087,0.7695000000000001,0.25329375,20
800,100,low,4,low,1.973724131920135,1.6710857300272317,0.3735,0.275959375,20
800,100,low,4,medium,3.5208578217955373,2.201489887143047,0.3,0.20390625,20
800,100,low,8,high,1.3480501499209478,0.2048307240443421,0.85025,0.38018125,20
800,100,low,8,low,1.4547465985170658,1.1737158239773144,0.47225,0.37486562500000004,20
800,100,low,8,medium,1.6684817011097037,0.8869592960750363,0.57325,0.30035625,20
800,100,medium,2,high,6.479967199939976,3.2517116511550688,0.0,0.0,20
800,100,medium,2,low,7.1010599076126635,6.174142847684247,0.0,0.0,20
800,100,medium,2,medium,6.954419570894873,4.803693675169468,0.0,0.0,20
800,100,medium,4,high,3.9504069798068615,1.8233179921251197,0.3215,0.12588125,20
800,100,medium,4,low,2.6469341055219857,2.174666000332179,0.28049999999999997,0.203740625,20
800,100,medium,4,medium,3.7477979059352595,2.4416821492827427,0.30325,0.183021875,20
800,100,medium,8,high,1.7824307871680427,0.43377907856054404,0.85075,0.33494375,20
800,100,medium,8,low,1.17985112281835,0.9607819946085809,0.532,0.375996875,20
800,100,medium,8,medium,1.0661245804799804,0.5428058551532784,0.837,0.45754062500000003,20
800,200,extreme,2,high,2.8411961513804402,1.7505427219896927,0.14475,0.036881250000000004,20
800,200,extreme,2,low,3.0128016424686503,2.7755973542463286,0.014250000000000002,0.008056250000000001,20
800,200,extreme,2,medium,2.9764852465088207,2.355051029819605,0.03925,0.011487500000000001,20
800,200,extreme,4,high,1.3344369580943487,0.5928675058776485,0.77575,0.44489999999999996,20
800,200,extreme,4,low,1.1637241618079082,1.0210035495620378,0.49450000000000005,0.44825312500000003,20
800,200,extreme,4,medium,0.7844019150737078,0.509894235019429,0.6715,0.518109375,20
800,200,extreme,8,high,0.21731063784128854,0.0416840313419926,0.9775,0.79350625,20
800,200,extreme,8,low,0.21683035031280917,0.16965723761261176,0.8265,0.784809375,20
800,200,extreme,8,medium,0.2367779605958567,0.0740793403613069,0.8955,0.78754375,20
800,200,high,2,high,3.072252098954897,1.8147442611785705,0.0165,0.0073999999999999995,20
800,200,high,2,low,3.0090812355572756,2.759527875859905,0.0,0.0,20
800,200,high,2,medium,2.9718707253863994,2.3772357963804893,0.00025,0.00011562499999999999,20
800,200,high,4,high,0.718715349759203,0.19696884959261873,0.782,0.5044125,20
800,200,high,4,low,1.2551241227384247,1.120172137939925,0.485,0.41728437500000004,20
800,200,high,4,medium,1.109584588707396,0.7687029629077502,0.628,0.481228125,20
800,200,high,8,high,0.23846766273994086,0.05560687005388716,0.991,0.765703125,20
800,200,high,8,low,0.2942506922433575,0.22680851004932262,0.899,0.8521656249999999,20
800,200,high,8,medium,0.15423189349585908,0.0331275740020098,0.9792500000000001,0.90549375,20
800,200,low,2,high,2.994640595213224,1.837740986077443,0.0,0.00164375,20
800,200,low,2,low,3.014585409887046,2.751213769028681,0.0,0.0,20
800,200,low,2,medium,2.9789062193568583,2.3855274141742484,0.0,0.0,20
800,200,low,4,high,0.664740612923582,0.21146639075070198,0.834,0.570853125,20
800,200,low,4,low,0.8870694041429219,0.7736412674126543,0.56875,0.52820625,20
800,200,low,4,medium,0.6867087879295654,0.4019879495146089,0.6957500000000001,0.552215625,20
800,200,low,8,high,0.17158230597234198,0.03784573365055984,1.0,0.86514375,20
800,200,low,8,low,0.23357974583506014,0.1759892625968333,0.9977499999999999,0.93863125,20
800,200,low,8,medium,0.20917006338883548,0.04162355418123484,1.0,0.9418875,20
800,200,medium,2,high,2.964067317101531,1.7805518322037093,0.0,0.0022125,20
800,200,medium,2,low,3.0160435975262336,2.754803267501607,0.0,0.0,20
800,200,medium,2,medium,2.97442244635121,2.3479923928082265,0.0,0.0,20
800,200,medium,4,high,0.7541851765922545,0.18477023001232015,0.758,0.532828125,20
800,200,medium,4,low,0.6663117876092909,0.5545694001758346,0.6792499999999999,0.6347125,20
800,200,medium,4,medium,0.7072282244253056,0.4333759406141758,0.77,0.57875625,20
800,200,medium,8,high,0.23858490371477833,0.04300910873649899,0.9737500000000001,0.842196875,20
800,200,medium,8,low,0.20756073843961334,0.14569891739237398,0.9315,0.91516875,20
800,200,medium,8,medium,0.16418793527464975,0.0335079766484262,0.99825,0.8844749999999999,20
800,400,extreme,2,high,1.013881852569173,0.6664265931665724,0.9022500000000001,0.5030375,20
800,400,extreme,2,low,1.0027081245599592,0.9373134094830873,0.576,0.5053625,20
800,400,extreme,2,medium,1.000375513423964,0.82675553866372,0.72975,0.5096499999999999,20
800,400,extreme,4,high,0.30978680013075777,0.09845692860135256,0.9955,0.9140593749999999,20
800,400,extreme,4,low,0.19640999095820375,0.16132888023144387,0.968,0.95769375,20
800,400,extreme,4,medium,0.34568613716245056,0.25591318757285647,0.9557499999999999,0.8907718749999999,20
800,400,extreme,8,high,0.10243375562720658,0.025268624218030625,1.0,0.987765625,20
800,400,extreme,8,low,0.13426862695323666,0.10022569067075003,0.9955,0.9927999999999999,20
800,400,extreme,8,medium,0.11811460085349162,0.03652407641591551,0.99825,0.993015625,20
800,400,high,2,high,1.0003842993560825,0.6361506241415191,0.9945,0.498371875,20
800,400,high,2,low,0.9959379740064125,0.938479005163354,0.6405000000000001,0.496190625,20
800,400,high,2,medium,0.99938846927544,0.8331364528825338,0.849,0.49506249999999996,20
800,400,high,4,high,0.2726711860671105,0.05780922191878968,0.99975,0.9653937499999999,20
800,400,high,4,low,0.3001357875813013,0.26396992063241986,0.98375,0.9720718749999999,20
800,400,high,4,medium,0.3123286888004293,0.2175729570145826,0.9942500000000001,0.9599187499999999,20
800,400,high,8,high,0.07793774620939013,0.019367773621156922,1.0,0.997225,20
800,400,high,8,low,0.13048710997341323,0.10612508972130857,1.0,0.9998093750000001,20
800,400,high,8,medium,0.16277244045209993,0.07242541270835201,1.0,0.999925,20
800,400,low,2,high,0.9921989480540149,0.6399969589647921,1.0,0.5093687499999999,20
800,400,low,2,low,1.000170273419963,0.9421885063618888,0.98325,0.506715625,20
800,400,low,2,medium,0.9972448626404691,0.8244669728317582,1.0,0.50741875,20
800,400,low,4,high,0.3264246107273614,0.11205625004095962,1.0,0.9614375000000001,20
800,400,low,4,low,0.34842264938060785,0.32106607014461375,0.99825,0.9675,20
800,400,low,4,medium,0.160734497365758,0.06152037576150496,1.0,0.9711375,20
800,400,low,8,high,0.13473552088413962,0.03362679859537822,1.0,0.9965406250000001,20
800,400,low,8,low,0.10312674029817957,0.06613485774023622,1.0,1.0,20
800,400,low,8,medium,0.15929133282339009,0.0648517790658971,1.0,0.9994249999999999,20
800,400,medium,2,high,1.0012547955753899,0.6497209710428578,1.0,0.50440625,20
800,400,medium,2,low,1.000272159390708,0.9392681931067381,0.8067500000000001,0.5015968749999999,20
800,400,medium,2,medium,1.0045840493629428,0.8332561297737963,0.99325,0.501871875,20
800,400,medium,4,high,0.4429934413203273,0.2107217175545894,1.0,0.9024093750000001,20
800,400,medium,4,low,0.3336806373657467,0.30210761438543654,1.0,1.0,20
800,400,medium,4,medium,0.22189182635483462,0.11648466029705362,1.0,0.934878125,20
800,400,medium,8,high,0.08896407351094282,0.01891273464364997,1.0,0.999903125,20
800,400,medium,8,low,0.14538821559489573,0.11364638883916492,1.0,1.0,20
800,400,medium,8,medium,0.13243783323818412,0.04921256303266657,1.0,0.99999375,20
1600,20,extreme,2,high,78.40244103840911,14.236619054588463,0.0,0.0,20
1600,20,extreme,2,low,78.07977485270914,50.11539335418905,0.0,0.0,20
1600,20,extreme,2,medium,77.9391066864682,26.76434215699694,0.0,0.0,20
1600,20,extreme,4,high,33.003992264204804,7.730877805775872,0.077,0.031290625,20
1600,20,extreme,4,low,47.690458312276085,30.097951845400683,0.008,0.006225,20
1600,20,extreme,4,medium,24.731615738529356,8.779046276019882,0.03775,0.017803125,20
1600,20,extreme,8,high,21.708823185447507,3.5886051017059675,0.22375000000000003,0.08307187499999999,20
1600,20,extreme,8,low,16.456950567050093,10.196641364574516,0.07525000000000001,0.05892499999999999,20
1600,20,extreme,8,medium,22.530321955904924,6.104067421111624,0.121,0.06550937500000001,20
1600,20,high,2,high,95.7299642021042,13.40141798719823,0.0,0.0,20
1600,20,high,2,low,78.56779970500254,48.22181171607424,0.0,0.0,20
1600,20,high,2,medium,82.59284619843007,26.363908443605716,0.0,0.0,20
1600,20,high,4,high,26.532960439295824,6.492982145788193,0.027499999999999997,0.006431250000000001,20
1600,20,high,4,low,32.685822057419514,18.44853901898362,0.0017500000000000003,0.0005656249999999999,20
1600,20,high,4,medium,28.28737801888328,8.784916129628087,0.008,0.0026125000000000002,20
1600,20,high,8,high,19.18869092375679,3.0181743222089557,0.097,0.020715624999999998,20
1600,20,high,8,low,16.828087358869503,10.301830867839229,0.004999999999999999,0.002828125,20
1600,20,high,8,medium,25.730879643857463,7.134096970064057,0.006749999999999999,0.00199375,20
1600,20,low,2,high,76.46788632687056,14.080653584498842,0.0,0.0,20
1600,20,low,2,low,80.1825859628608,47.66723901610434,0.0,0.0,20
1600,20,low,2,medium,92.9258352967617,26.52320538913975,0.0,0.0,20
1600,20,low,4,high,48.19442465415764,8.426829193101902,0.041999999999999996,0.0048125,20
1600,20,low,4,low,40.11761680209379,24.309603410849803,0.0,0.0,20
1600,20,low,4,medium,30.355208317501635,9.8059503881158,0.0,0.0,20
1600,20,low,8,high,27.937524646451504,2.5654329975448396,0.101,0.019375,20
1600,20,low,8,low,21.355755738676244,12.111214780704577,0.0,0.0,20
1600,20,low,8,medium,23.3983150794728,7.162060521665513,0.0,0.0,20
1600,20,medium,2,high,82.30170304746608,14.207638441583061,0.0,0.0,20
1600,20,medium,2,low,79.18445181330185,48.59668170645489,0.0,0.0,20
1600,20,medium,2,medium,78.10663867857772,26.242876043849854,0.0,0.0,20
1600,20,medium,4,high,28.926103863827457,5.689641957873344,0.020749999999999998,0.0031843750000000006,20
1600,20,medium,4,low,32.8708133146213,19.467647627112846,0.0,0.0,20
1600,20,medium,4,medium,29.924130095995345,7.624016146138779,0.0,1.5625e-05,20
1600,20,medium,8,high,16.447729902842056,2.819266512260037,0.13125,0.0183375,20
1600,20,medium,8,low,18.167738269804953,11.018934039577562,0.0,0.0,20
1600,20,medium,8,medium,20.393702416748642,6.94050940956859,0.0,0.0,20
1600,50,extreme,2,high,30.854175773324883,10.36633742024135,0.0,0.0,20
1600,50,extreme,2,low,30.86819326257393,24.559353096682994,0.0,0.0,20
1600,50,extreme,2,medium,29.80751867832049,16.969747413842413,0.0,0.0,20
1600,50,extreme,4,high,15.750356418596063,5.038609516230375,0.1015,0.028959375,20
1600,50,extreme,4,low,16.986918204923178,13.382011968047244,0.0475,0.03926875,20
1600,50,extreme,4,medium,13.009935927163916,7.223247231942649,0.09275,0.050062499999999996,20
1600,50,extreme,8,high,10.218019976433514,2.490531870041866,0.2815,0.09973125000000001,20
1600,50,extreme,8,low,6.545579307482552,5.110615442399776,0.12075,0.092534375,20
1600,50,extreme,8,medium,7.845088473493856,4.118196522810734,0.13825,0.07168125,20
1600,50,high,2,high,31.35538217742634,10.946063273158973,0.0,0.0,20
1600,50,high,2,low,31.185723910591104,24.876822829604336,0.0,0.0,20
1600,50,high,2,medium,29.462847376072347,17.700686703024644,0.0,0.0,20
1600,50,high,4,high,13.096639149592018,4.588863999329961,0.029500000000000005,0.0055375,20
1600,50,high,4,low,23.54186980986279,18.013764957143003,0.00625,0.0035250000000000004,20
1600,50,high,4,medium,14.593097459781557,8.301719975064685,0.014000000000000002,0.0030906250000000005,20
1600,50,high,8,high,8.68100795080518,2.4408370468695377,0.2085,0.039759375,20
1600,50,high,8,low,11.197673198524209,8.511982220604423,0.01675,0.0087375,20
1600,50,high,8,medium,6.443808792209034,3.534764993561116,0.05125,0.014521875,20
1600,50,low,2,high,33.63353626751655,10.757508836491766,0.0,0.0,20
1600,50,low,2,low,31.28649506535938,24.870940047888546,0.0,0.0,20
1600,50,low,2,medium,30.813297234158803,17.40799157273957,0.0,0.0,20
1600,50,low,4,high,11.638841923545986,3.4561906811703524,0.08725000000000001,0.011284375000000001,20
1600,50,low,4,low,13.090162122786438,9.873922699186835,0.0,0.0,20
1600,50,low,4,medium,15.247674937032793,8.864366948030213,0.0,0.0,20
1600,50,low,8,high,7.704692207258392,1.9209275242248558,0.21200000000000002,0.032878124999999994,20
1600,50,low,8,low,7.452527290748323,5.793871951486944,0.0,0.0,20
1600,50,low,8,medium,6.44764564470666,3.5312568885578006,0.0,0.001028125,20
1600,50,medium,2,high,32.26702035949947,10.707148616827329,0.0,0.0,20
1600,50,medium,2,low,31.257598759203674,24.464089557275805,0.0,0.0,20
1600,50,medium,2,medium,30.114634478843577,17.13095821495662,0.0,0.0,20
1600,50,medium,4,high,11.66905374265028,4.5357674250705315,0.09475,0.01593125,20
1600,50,medium,4,low,11.646395285111966,9.410344792935618,0.00025,1.8750000000000002e-05,20
1600,50,medium,4,medium,13.794235809046999,6.973557083902156,0.0,5.9375e-05,20
1600,50,medium,8,high,10.29732572671834,2.5909246702601942,0.157,0.027403125,20
1600,50,medium,8,low,7.029000997964751,5.514431016034695,0.0005,5e-05,20
1600,50,medium,8,medium,7.730801997829397,4.005147839632302,0.013000000000000001,0.002396875,20
1600,100,extreme,2,high,14.513978224281445,7.640545293260577,0.0,0.0,20
1600,100,extreme,2,low,14.988535330555184,13.244851786478746,0.0,0.0,20
1600,100,extreme,2,medium,15.007965428146019,10.58066682801434,0.0,0.0,20
1600,100,extreme,4,high,6.3272322865519675,2.655574947423555,0.23475000000000001,0.08383125,20
1600,100,extreme,4,low,7.90462639704127,6.879270685455266,0.03175,0.024221874999999997,20
1600,100,extreme,4,medium,4.438809458374839,3.0120363837454267,0.1885,0.113603125,20
1600,100,extreme,8,high,3.6656648754631163,1.4847400453737072,0.45425000000000004,0.17848750000000002,20
1600,100,extreme,8,low,3.2916584411381726,2.797025622606481,0.21949999999999997,0.184140625,20
1600,100,extreme,8,medium,3.127645657050769,2.149116979884002,0.31,0.17749687500000003,20
1600,100,high,2,high,15.756944674022566,7.70011229302468,0.0,0.0,20
1600,100,high,2,low,15.037429689849176,13.097868605615872,0.0,0.0,20
1600,100,high,2,medium,14.859363259272826,10.662793151280958,0.0,0.0,20
1600,100,high,4,high,4.16438708153369,1.6083953363274477,0.27375,0.0680875,20
1600,100,high,4,low,6.780171288650926,5.959013430184131,0.05775,0.033940625,20
1600,100,high,4,medium,6.672619491153968,4.528368466787013,0.051000000000000004,0.016303124999999998,20
1600,100,high,8,high,2.727860199858177,1.0992503728829544,0.60575,0.16410624999999998,20
1600,100,high,8,low,3.3177346099808713,2.896419646545339,0.07949999999999999,0.05161249999999999,20
1600,100,high,8,medium,2.5537013745440182,1.5551855168846536,0.265,0.101721875,20
1600,100,low,2,high,15.171342931475696,7.3417984923692545,0.0,0.0,20
1600,100,low,2,low,14.996634601969035,13.184261695663825,0.0,0.0,20
1600,100,low,2,medium,15.235193756839118,10.472311176891921,0.0,0.0,20
1600,100,low,4,high,5.003973632614038,2.089552523325761,0.28250000000000003,0.05789375,20
1600,100,low,4,low,3.36529034333147,2.8717631958440597,0.021500000000000002,0.0028625,20
1600,100,low,4,medium,5.550380446053705,3.7756542518493275,0.00025,0.0010250000000000003,20
1600,100,low,8,high,4.255197152959443,1.7083817156493586,0.40800000000000003,0.08286875,20
1600,100,low,8,low,3.877890124211525,3.392972201182764,0.0035000000000000005,0.001234375,20
1600,100,low,8,medium,2.950074121043908,1.7927435528388593,0.34199999999999997,0.07045625,20
1600,100,medium,2,high,15.185731151809104,7.510361499070072,0.0,0.0,20
1600,100,medium,2,low,14.890992169302153,13.201596904882877,0.0,0.0,20
1600,100,medium,2,medium,15.138503115973236,10.535491139980243,0.0,0.0,20
1600,100,medium,4,high,7.823196942763198,3.5880836381174643,0.17975000000000002,0.033312499999999995,20
1600,100,medium,4,low,8.244837290805776,7.288868080669595,0.03675,0.010753124999999999,20
1600,100,medium,4,medium,6.338085999682293,4.556008817643024,0.04675,0.009346875000000001,20
1600,100,medium,8,high,3.045189824706869,1.129997499877714,0.58825,0.14818437499999998,20
1600,100,medium,8,low,3.242478182056174,2.759207335951355,0.0435,0.013775,20
1600,100,medium,8,medium,2.7199540417305776,1.909191270420603,0.1825,0.037253125,20
1600,200,extreme,2,high,6.9583002503363485,4.536259370168345,0.0,0.0,20
1600,200,extreme,2,low,6.994278176707995,6.540214279964301,0.0,0.0,20
1600,200,extreme,2,medium,7.01855599577855,5.801357343516093,0.0,0.0,20
1600,200,extreme,4,high,2.644238590271791,1.4972457553986085,0.44825,0.23139374999999998,20
1600,200,extreme,4,low,2.3315416666239295,2.102939809119184,0.21800000000000003,0.189521875,20
1600,200,extreme,4,medium,1.8322421152000825,1.3978334955996248,0.38575,0.262346875,20
1600,200,extreme,8,high,1.1337054905517165,0.460537312379438,0.8342499999999999,0.48682499999999995,20
1600,200,extreme,8,low,1.4330241467776155,1.3035230218276967,0.477,0.421928125,20
1600,200,extreme,8,medium,1.1485533044385423,0.8177950177847995,0.5582499999999999,0.41277187499999995,20
1600,200,high,2,high,7.145057647226101,4.531830683007325,0.0,0.0,20
1600,200,high,2,low,7.003852617168951,6.509960489871415,0.0,0.0,20
1600,200,high,2,medium,7.047700963282267,5.744172656859053,0.0,0.0,20
1600,200,high,4,high,3.175379280316131,1.9362597411703297,0.3845,0.221884375,20
1600,200,high,4,low,2.6751141610504927,2.4597358486199736,0.25025,0.214871875,20
1600,200,high,4,medium,2.5332044996473275,1.958596558593765,0.27999999999999997,0.1765375,20
1600,200,high,8,high,1.4383769794406065,0.6869688193041723,0.70275,0.319596875,20
1600,200,high,8,low,1.5219482818152832,1.3852928061524739,0.40700000000000003,0.3477125,20
1600,200,high,8,medium,1.208529795786284,0.8595541663836767,0.5945,0.380625,20
1600,200,low,2,high,7.050906264190515,4.592424165129187,0.0,0.0,20
1600,200,low,2,low,6.97181347494021,6.495625817466017,0.0,0.0,20
1600,200,low,2,medium,6.9341526204881925,5.622802307438427,0.0,0.0,20
1600,200,low,4,high,2.815820561800594,1.507384239560963,0.40475000000000005,0.236346875,20
1600,200,low,4,low,2.380888580459511,2.165506820078807,0.3015,0.25101249999999997,20
1600,200,low,4,medium,2.0388012788483865,1.6356941309980868,0.4,0.257153125,20
1600,200,low,8,high,1.3427237410765134,0.633558121732962,0.70175,0.42676875000000003,20
1600,200,low,8,low,1.0594420942319123,0.9344463616749721,0.56375,0.45718125,20
1600,200,low,8,medium,0.9621735513439522,0.6308784502713037,0.83825,0.5703031249999999,20
1600,200,medium,2,high,6.807825342181304,4.575607355685599,0.0,0.0,20
1600,200,medium,2,low,7.0115045734911146,6.532056907857511,0.0,0.0,20
1600,200,medium,2,medium,7.007351431365276,5.72075811588671,0.0,0.0,20
1600,200,medium,4,high,3.8307752081605067,2.441706858495923,0.238,0.09104375,20
1600,200,medium,4,low,2.9709245221559644,2.736749680268697,0.05275,0.050634374999999995,20
1600,200,medium,4,medium,1.803319181263223,1.4045227203763764,0.45099999999999996,0.3511375,20
1600,200,medium,8,high,0.9942057104987335,0.4336079624928618,0.76325,0.41991562499999996,20
1600,200,medium,8,low,1.2290655403028945,1.0846693034583264,0.45899999999999996,0.377465625,20
1600,200,medium,8,medium,0.9234213442106396,0.6776277456400218,0.7135,0.5055375,20
1600,400,extreme,2,high,2.9968089836387892,2.254891209048998,0.0,0.00010625000000000001,20
1600,400,extreme,2,low,3.0042680373643607,2.8797178882306103,0.0,0.0,20
1600,400,extreme,2,medium,2.9986732624742087,2.6538580343388376,0.0,9.375000000000001e-06,20
1600,400,extreme,4,high,0.8775165749166112,0.4810552450962702,0.6955,0.5086937500000001,20
1600,400,extreme,4,low,1.0136648384590292,0.950776291738431,0.5905,0.553165625,20
1600,400,extreme,4,medium,1.1269785442566684,0.9457869088138088,0.5387500000000001,0.45017499999999994,20
1600,400,extreme,8,high,0.14658078146054568,0.037075291325675164,0.9967499999999999,0.9379312499999999,20
1600,400,extreme,8,low,0.18433754123219445,0.14879840130072014,0.9640000000000001,0.9571343750000001,20
1600,400,extreme,8,medium,0.23815037685911872,0.1382630507914776,0.9605,0.9231624999999999,20
1600,400,high,2,high,3.0048152370771577,2.2358172919350485,0.0,0.0,20
1600,400,high,2,low,2.997853950219819,2.876886588230441,0.0,0.0,20
1600,400,high,2,medium,2.9948977507742223,2.658984509271951,0.0,0.0,20
1600,400,high,4,high,0.7990848469214521,0.4948790801950558,0.7615000000000001,0.5545125,20
1600,400,high,4,low,1.0300690932447831,0.9768257905639237,0.5127499999999999,0.469978125,20
1600,400,high,4,medium,0.9426750031852302,0.7646251296038411,0.598,0.5252625,20
1600,400,high,8,high,0.15170333792270843,0.029840876187692038,0.99975,0.9450468750000001,20
1600,400,high,8,low,0.12936099506045498,0.0980697096905733,0.9494999999999999,0.948103125,20
1600,400,high,8,medium,0.16954591237020972,0.08290459933672673,0.99975,0.9929406249999999,20
1600,400,low,2,high,3.004213099818971,2.284502827651417,0.0,0.0,20
1600,400,low,2,low,3.0037664957263646,2.875660858921246,0.0,0.0,20
1600,400,low,2,medium,2.993794075553711,2.6322860025506696,0.0,0.0,20
1600,400,low,4,high,1.3688897329772476,0.9046003774707612,0.5645,0.39655312499999995,20
1600,400,low,4,low,1.3562473155982642,1.2867651844222534,0.4495,0.42880624999999994,20
1600,400,low,4,medium,0.2868053072384929,0.1861194955466861,0.6485000000000001,0.61005625,20
1600,400,low,8,high,0.35396342547754445,0.12884206475511395,0.97075,0.753765625,20
1600,400,low,8,low,0.1229169248416373,0.09597270532294519,1.0,0.9970625,20
1600,400,low,8,medium,0.2490988213876981,0.17805846042995171,0.95,0.872528125,20
1600,400,medium,2,high,3.0090597191227104,2.2635528143082757,0.0,0.0,20
1600,400,medium,2,low,3.0010792817676872,2.887986512397263,0.0,0.0,20
1600,400,medium,2,medium,3.0032067335251673,2.6414975338319024,0.0,0.0,20
1600,400,medium,4,high,0.7187352955148393,0.41443745405923627,0.76525,0.579784375,20
1600,400,medium,4,low,1.1030100086967938,1.0321260837091315,0.49275,0.4609875,20
1600,400,medium,4,medium,0.5142751297653005,0.39553159792106946,0.7075,0.66779375,20
1600,400,medium,8,high,0.16031157525904055,0.04171569132759191,1.0,0.9093312499999999,20
1600,400,medium,8,low,0.39075529785760066,0.3696780149833899,0.9022500000000001,0.888746875,20
1600,400,medium,8,medium,0.3188073631627083,0.20487083734984096,0.9802500000000001,0.8808250000000001,20
