scheme,metric,probability_bin,n,mean_predicted_probability,observed_reversal_fraction
competing_fault_count_family,DSI_2D,"(-0.001, 0.1]",1163,0.02370677382981833,0.0885640584694755
competing_fault_count_family,DSI_2D,"(0.1, 0.2]",235,0.1492349694439826,0.2723404255319149
competing_fault_count_family,DSI_2D,"(0.2, 0.3]",212,0.2544990030129135,0.2971698113207547
competing_fault_count_family,DSI_2D,"(0.3, 0.4]",281,0.35483518400860614,0.3167259786476868
competing_fault_count_family,DSI_2D,"(0.4, 0.5]",505,0.46186492497890563,0.1900990099009901
competing_fault_count_family,DSI_2D,"(0.5, 0.6]",462,0.546004277065171,0.3246753246753247
competing_fault_count_family,DSI_2D,"(0.6, 0.7]",496,0.6554618602734843,0.5342741935483871
competing_fault_count_family,DSI_2D,"(0.7, 0.8]",1458,0.7630767817891968,0.5651577503429356
competing_fault_count_family,DSI_2D,"(0.8, 0.9]",10749,0.8690442858709634,0.8943157503023537
competing_fault_count_family,DSI_2D,"(0.9, 1.0]",2439,0.9283010935901893,1.0
competing_fault_count_family,DSI_3D,"(-0.001, 0.1]",1163,0.02370677382981833,0.0885640584694755
competing_fault_count_family,DSI_3D,"(0.1, 0.2]",235,0.1492349694439826,0.2723404255319149
competing_fault_count_family,DSI_3D,"(0.2, 0.3]",212,0.2544990030129135,0.2971698113207547
competing_fault_count_family,DSI_3D,"(0.3, 0.4]",281,0.35483518400860614,0.3167259786476868
competing_fault_count_family,DSI_3D,"(0.4, 0.5]",505,0.46186492497890563,0.1900990099009901
competing_fault_count_family,DSI_3D,"(0.5, 0.6]",462,0.546004277065171,0.3246753246753247
competing_fault_count_family,DSI_3D,"(0.6, 0.7]",496,0.6554618602734843,0.5342741935483871
competing_fault_count_family,DSI_3D,"(0.7, 0.8]",1458,0.7630767817891968,0.5651577503429356
competing_fault_count_family,DSI_3D,"(0.8, 0.9]",10749,0.8690442858709634,0.8943157503023537
competing_fault_count_family,DSI_3D,"(0.9, 1.0]",2439,0.9283010935901893,1.0
competing_fault_count_family,distance_diff_2D,"(-0.001, 0.1]",2769,0.01048315782364685,0.030697002527988442
competing_fault_count_family,distance_diff_2D,"(0.1, 0.2]",185,0.15135928832739962,0.21621621621621623
competing_fault_count_family,distance_diff_2D,"(0.2, 0.3]",412,0.25496496827908327,0.3131067961165049
competing_fault_count_family,distance_diff_2D,"(0.3, 0.4]",383,0.35334463616551887,0.35509138381201044
competing_fault_count_family,distance_diff_2D,"(0.4, 0.5]",218,0.4477332620680538,0.39908256880733944
competing_fault_count_family,distance_diff_2D,"(0.5, 0.6]",408,0.5446874708577095,0.4362745098039216
competing_fault_count_family,distance_diff_2D,"(0.6, 0.7]",239,0.6520379726448305,0.5899581589958159
competing_fault_count_family,distance_diff_2D,"(0.7, 0.8]",458,0.7609226632868765,0.6375545851528385
competing_fault_count_family,distance_diff_2D,"(0.8, 0.9]",972,0.8543532271553906,0.7674897119341564
competing_fault_count_family,distance_diff_2D,"(0.9, 1.0]",11956,0.9821663420147679,0.9929742388758782
competing_fault_count_family,distance_diff_3D,"(-0.001, 0.1]",2769,0.01048315782364685,0.030697002527988442
competing_fault_count_family,distance_diff_3D,"(0.1, 0.2]",185,0.15135928832739962,0.21621621621621623
competing_fault_count_family,distance_diff_3D,"(0.2, 0.3]",412,0.25496496827908327,0.3131067961165049
competing_fault_count_family,distance_diff_3D,"(0.3, 0.4]",383,0.35334463616551887,0.35509138381201044
competing_fault_count_family,distance_diff_3D,"(0.4, 0.5]",218,0.4477332620680538,0.39908256880733944
competing_fault_count_family,distance_diff_3D,"(0.5, 0.6]",408,0.5446874708577095,0.4362745098039216
competing_fault_count_family,distance_diff_3D,"(0.6, 0.7]",239,0.6520379726448305,0.5899581589958159
competing_fault_count_family,distance_diff_3D,"(0.7, 0.8]",458,0.7609226632868765,0.6375545851528385
competing_fault_count_family,distance_diff_3D,"(0.8, 0.9]",972,0.8543532271553906,0.7674897119341564
competing_fault_count_family,distance_diff_3D,"(0.9, 1.0]",11956,0.9821663420147679,0.9929742388758782
competing_fault_count_family,normalized_margin_2D,"(0.1, 0.2]",797,0.16305345149092906,0.23337515683814303
competing_fault_count_family,normalized_margin_2D,"(0.2, 0.3]",1589,0.24546541839162303,0.2252989301447451
competing_fault_count_family,normalized_margin_2D,"(0.3, 0.4]",1128,0.33899009307208317,0.32890070921985815
competing_fault_count_family,normalized_margin_2D,"(0.4, 0.5]",1061,0.46434092047437614,0.3892554194156456
competing_fault_count_family,normalized_margin_2D,"(0.5, 0.6]",613,0.538878305985603,0.5954323001631321
competing_fault_count_family,normalized_margin_2D,"(0.6, 0.7]",470,0.6528494620134683,0.825531914893617
competing_fault_count_family,normalized_margin_2D,"(0.7, 0.8]",1011,0.7689996170957752,0.5806132542037586
competing_fault_count_family,normalized_margin_2D,"(0.8, 0.9]",1047,0.8387171833734477,0.7488061127029608
competing_fault_count_family,normalized_margin_2D,"(0.9, 1.0]",10284,0.9927829915252369,0.9970828471411902
competing_fault_count_family,normalized_margin_3D,"(0.1, 0.2]",797,0.16305345149092906,0.23337515683814303
competing_fault_count_family,normalized_margin_3D,"(0.2, 0.3]",1589,0.24546541839162303,0.2252989301447451
competing_fault_count_family,normalized_margin_3D,"(0.3, 0.4]",1128,0.33899009307208317,0.32890070921985815
competing_fault_count_family,normalized_margin_3D,"(0.4, 0.5]",1061,0.46434092047437614,0.3892554194156456
competing_fault_count_family,normalized_margin_3D,"(0.5, 0.6]",613,0.538878305985603,0.5954323001631321
competing_fault_count_family,normalized_margin_3D,"(0.6, 0.7]",470,0.6528494620134683,0.825531914893617
competing_fault_count_family,normalized_margin_3D,"(0.7, 0.8]",1011,0.7689996170957752,0.5806132542037586
competing_fault_count_family,normalized_margin_3D,"(0.8, 0.9]",1047,0.8387171833734477,0.7488061127029608
competing_fault_count_family,normalized_margin_3D,"(0.9, 1.0]",10284,0.9927829915252369,0.9970828471411902
domain_scatter_family,DSI_2D,"(-0.001, 0.1]",1296,0.023331853245953785,0.14506172839506173
domain_scatter_family,DSI_2D,"(0.1, 0.2]",327,0.1350325788301657,0.22018348623853212
domain_scatter_family,DSI_2D,"(0.2, 0.3]",190,0.25113666814132846,0.35789473684210527
domain_scatter_family,DSI_2D,"(0.3, 0.4]",249,0.3545277039023115,0.40562248995983935
domain_scatter_family,DSI_2D,"(0.4, 0.5]",373,0.454475610186326,0.2707774798927614
domain_scatter_family,DSI_2D,"(0.5, 0.6]",563,0.5458487048941864,0.2682060390763766
domain_scatter_family,DSI_2D,"(0.6, 0.7]",496,0.6528767311847511,0.4838709677419355
domain_scatter_family,DSI_2D,"(0.7, 0.8]",1409,0.756118734795921,0.4350603264726757
domain_scatter_family,DSI_2D,"(0.8, 0.9]",8344,0.872251561882348,0.8891418983700863
domain_scatter_family,DSI_2D,"(0.9, 1.0]",4753,0.9184627249008401,1.0
domain_scatter_family,DSI_3D,"(-0.001, 0.1]",1296,0.023331853245953785,0.14506172839506173
domain_scatter_family,DSI_3D,"(0.1, 0.2]",327,0.1350325788301657,0.22018348623853212
domain_scatter_family,DSI_3D,"(0.2, 0.3]",190,0.25113666814132846,0.35789473684210527
domain_scatter_family,DSI_3D,"(0.3, 0.4]",249,0.3545277039023115,0.40562248995983935
domain_scatter_family,DSI_3D,"(0.4, 0.5]",373,0.454475610186326,0.2707774798927614
domain_scatter_family,DSI_3D,"(0.5, 0.6]",563,0.5458487048941864,0.2682060390763766
domain_scatter_family,DSI_3D,"(0.6, 0.7]",496,0.6528767311847511,0.4838709677419355
domain_scatter_family,DSI_3D,"(0.7, 0.8]",1409,0.756118734795921,0.4350603264726757
domain_scatter_family,DSI_3D,"(0.8, 0.9]",8344,0.872251561882348,0.8891418983700863
domain_scatter_family,DSI_3D,"(0.9, 1.0]",4753,0.9184627249008401,1.0
domain_scatter_family,distance_diff_2D,"(-0.001, 0.1]",2795,0.011618601115731892,0.03685152057245081
domain_scatter_family,distance_diff_2D,"(0.1, 0.2]",289,0.14878961810044483,0.3737024221453287
domain_scatter_family,distance_diff_2D,"(0.2, 0.3]",247,0.24787242575996976,0.3319838056680162
domain_scatter_family,distance_diff_2D,"(0.3, 0.4]",380,0.35340948877572276,0.3394736842105263
domain_scatter_family,distance_diff_2D,"(0.4, 0.5]",304,0.45344736196474994,0.3980263157894737
domain_scatter_family,distance_diff_2D,"(0.5, 0.6]",274,0.5547489520150533,0.5109489051094891
domain_scatter_family,distance_diff_2D,"(0.6, 0.7]",336,0.6517991099493162,0.5386904761904762
domain_scatter_family,distance_diff_2D,"(0.7, 0.8]",451,0.7577566397159504,0.7073170731707317
domain_scatter_family,distance_diff_2D,"(0.8, 0.9]",904,0.8567588653504212,0.7444690265486725
domain_scatter_family,distance_diff_2D,"(0.9, 1.0]",12020,0.9828753313901972,0.9858569051580699
domain_scatter_family,distance_diff_3D,"(-0.001, 0.1]",2795,0.011618601115731892,0.03685152057245081
domain_scatter_family,distance_diff_3D,"(0.1, 0.2]",289,0.14878961810044483,0.3737024221453287
domain_scatter_family,distance_diff_3D,"(0.2, 0.3]",247,0.24787242575996976,0.3319838056680162
domain_scatter_family,distance_diff_3D,"(0.3, 0.4]",380,0.35340948877572276,0.3394736842105263
domain_scatter_family,distance_diff_3D,"(0.4, 0.5]",304,0.45344736196474994,0.3980263157894737
domain_scatter_family,distance_diff_3D,"(0.5, 0.6]",274,0.5547489520150533,0.5109489051094891
domain_scatter_family,distance_diff_3D,"(0.6, 0.7]",336,0.6517991099493162,0.5386904761904762
domain_scatter_family,distance_diff_3D,"(0.7, 0.8]",451,0.7577566397159504,0.7073170731707317
domain_scatter_family,distance_diff_3D,"(0.8, 0.9]",904,0.8567588653504212,0.7444690265486725
domain_scatter_family,distance_diff_3D,"(0.9, 1.0]",12020,0.9828753313901972,0.9858569051580699
domain_scatter_family,normalized_margin_2D,"(-0.001, 0.1]",85,0.09539974143202985,0.21176470588235294
domain_scatter_family,normalized_margin_2D,"(0.1, 0.2]",1357,0.1601971176772285,0.16654384672070743
domain_scatter_family,normalized_margin_2D,"(0.2, 0.3]",1431,0.246947350759743,0.27253668763102723
domain_scatter_family,normalized_margin_2D,"(0.3, 0.4]",944,0.3507558606866268,0.4216101694915254
domain_scatter_family,normalized_margin_2D,"(0.4, 0.5]",895,0.44328384897065715,0.4
domain_scatter_family,normalized_margin_2D,"(0.5, 0.6]",426,0.5482197833486828,0.7089201877934272
domain_scatter_family,normalized_margin_2D,"(0.6, 0.7]",687,0.6556996259786447,0.7045123726346434
domain_scatter_family,normalized_margin_2D,"(0.7, 0.8]",1155,0.7555479354513356,0.5766233766233766
domain_scatter_family,normalized_margin_2D,"(0.8, 0.9]",654,0.8534034816954464,0.8363914373088684
domain_scatter_family,normalized_margin_2D,"(0.9, 1.0]",10366,0.9924146318999629,0.9952730079104766
domain_scatter_family,normalized_margin_3D,"(-0.001, 0.1]",85,0.09539974143202985,0.21176470588235294
domain_scatter_family,normalized_margin_3D,"(0.1, 0.2]",1357,0.1601971176772285,0.16654384672070743
domain_scatter_family,normalized_margin_3D,"(0.2, 0.3]",1431,0.246947350759743,0.27253668763102723
domain_scatter_family,normalized_margin_3D,"(0.3, 0.4]",944,0.3507558606866268,0.4216101694915254
domain_scatter_family,normalized_margin_3D,"(0.4, 0.5]",895,0.44328384897065715,0.4
domain_scatter_family,normalized_margin_3D,"(0.5, 0.6]",426,0.5482197833486828,0.7089201877934272
domain_scatter_family,normalized_margin_3D,"(0.6, 0.7]",687,0.6556996259786447,0.7045123726346434
domain_scatter_family,normalized_margin_3D,"(0.7, 0.8]",1155,0.7555479354513356,0.5766233766233766
domain_scatter_family,normalized_margin_3D,"(0.8, 0.9]",654,0.8534034816954464,0.8363914373088684
domain_scatter_family,normalized_margin_3D,"(0.9, 1.0]",10366,0.9924146318999629,0.9952730079104766
fault_spacing_family,DSI_2D,"(-0.001, 0.1]",1044,0.02727053437894897,0.09482758620689655
fault_spacing_family,DSI_2D,"(0.1, 0.2]",346,0.1438899964646226,0.2514450867052023
fault_spacing_family,DSI_2D,"(0.2, 0.3]",176,0.25024231494965177,0.3181818181818182
fault_spacing_family,DSI_2D,"(0.3, 0.4]",181,0.35529821297875436,0.3149171270718232
fault_spacing_family,DSI_2D,"(0.4, 0.5]",369,0.4549694984168548,0.26558265582655827
fault_spacing_family,DSI_2D,"(0.5, 0.6]",576,0.5565119405230412,0.3263888888888889
fault_spacing_family,DSI_2D,"(0.6, 0.7]",624,0.6567194723825401,0.49038461538461536
fault_spacing_family,DSI_2D,"(0.7, 0.8]",1231,0.7600226858700025,0.6116978066612511
fault_spacing_family,DSI_2D,"(0.8, 0.9]",10526,0.868005629976006,0.9033821014630439
fault_spacing_family,DSI_2D,"(0.9, 1.0]",2927,0.9109127259027047,0.8722241202596516
fault_spacing_family,DSI_3D,"(-0.001, 0.1]",1044,0.02727053437894897,0.09482758620689655
fault_spacing_family,DSI_3D,"(0.1, 0.2]",346,0.1438899964646226,0.2514450867052023
fault_spacing_family,DSI_3D,"(0.2, 0.3]",176,0.25024231494965177,0.3181818181818182
fault_spacing_family,DSI_3D,"(0.3, 0.4]",181,0.35529821297875436,0.3149171270718232
fault_spacing_family,DSI_3D,"(0.4, 0.5]",369,0.4549694984168548,0.26558265582655827
fault_spacing_family,DSI_3D,"(0.5, 0.6]",576,0.5565119405230412,0.3263888888888889
fault_spacing_family,DSI_3D,"(0.6, 0.7]",624,0.6567194723825401,0.49038461538461536
fault_spacing_family,DSI_3D,"(0.7, 0.8]",1231,0.7600226858700025,0.6116978066612511
fault_spacing_family,DSI_3D,"(0.8, 0.9]",10526,0.868005629976006,0.9033821014630439
fault_spacing_family,DSI_3D,"(0.9, 1.0]",2927,0.9109127259027047,0.8722241202596516
fault_spacing_family,distance_diff_2D,"(-0.001, 0.1]",2809,0.009155519594285311,0.03346386614453542
fault_spacing_family,distance_diff_2D,"(0.1, 0.2]",198,0.15056947632997764,0.2474747474747475
fault_spacing_family,distance_diff_2D,"(0.2, 0.3]",400,0.24327474688246092,0.3175
fault_spacing_family,distance_diff_2D,"(0.3, 0.4]",290,0.36327912543023766,0.3448275862068966
fault_spacing_family,distance_diff_2D,"(0.4, 0.5]",283,0.4386837558160413,0.3745583038869258
fault_spacing_family,distance_diff_2D,"(0.5, 0.6]",389,0.5544479497585254,0.43444730077120824
fault_spacing_family,distance_diff_2D,"(0.6, 0.7]",237,0.649536684041039,0.6075949367088608
fault_spacing_family,distance_diff_2D,"(0.7, 0.8]",389,0.7580752955262439,0.6683804627249358
fault_spacing_family,distance_diff_2D,"(0.8, 0.9]",988,0.8512860889202659,0.742914979757085
fault_spacing_family,distance_diff_2D,"(0.9, 1.0]",12017,0.9809927866502696,0.9921777481900641
fault_spacing_family,distance_diff_3D,"(-0.001, 0.1]",2809,0.009155519594285311,0.03346386614453542
fault_spacing_family,distance_diff_3D,"(0.1, 0.2]",198,0.15056947632997764,0.2474747474747475
fault_spacing_family,distance_diff_3D,"(0.2, 0.3]",400,0.24327474688246092,0.3175
fault_spacing_family,distance_diff_3D,"(0.3, 0.4]",290,0.36327912543023766,0.3448275862068966
fault_spacing_family,distance_diff_3D,"(0.4, 0.5]",283,0.4386837558160413,0.3745583038869258
fault_spacing_family,distance_diff_3D,"(0.5, 0.6]",389,0.5544479497585254,0.43444730077120824
fault_spacing_family,distance_diff_3D,"(0.6, 0.7]",237,0.649536684041039,0.6075949367088608
fault_spacing_family,distance_diff_3D,"(0.7, 0.8]",389,0.7580752955262439,0.6683804627249358
fault_spacing_family,distance_diff_3D,"(0.8, 0.9]",988,0.8512860889202659,0.742914979757085
fault_spacing_family,distance_diff_3D,"(0.9, 1.0]",12017,0.9809927866502696,0.9921777481900641
fault_spacing_family,normalized_margin_2D,"(0.1, 0.2]",655,0.1695061172873488,0.28091603053435116
fault_spacing_family,normalized_margin_2D,"(0.2, 0.3]",1643,0.25237839608636414,0.23189287888009738
fault_spacing_family,normalized_margin_2D,"(0.3, 0.4]",1212,0.34618934930431566,0.36386138613861385
fault_spacing_family,normalized_margin_2D,"(0.4, 0.5]",753,0.4409047066891461,0.44223107569721115
fault_spacing_family,normalized_margin_2D,"(0.5, 0.6]",827,0.5473695467134796,0.4873035066505441
fault_spacing_family,normalized_margin_2D,"(0.6, 0.7]",704,0.6586438584498602,0.7244318181818182
fault_spacing_family,normalized_margin_2D,"(0.7, 0.8]",871,0.7470945579141788,0.6486796785304249
fault_spacing_family,normalized_margin_2D,"(0.8, 0.9]",908,0.850313082056639,0.5980176211453745
fault_spacing_family,normalized_margin_2D,"(0.9, 1.0]",10427,0.9920072945724685,0.9922317061475017
fault_spacing_family,normalized_margin_3D,"(0.1, 0.2]",655,0.1695061172873488,0.28091603053435116
fault_spacing_family,normalized_margin_3D,"(0.2, 0.3]",1643,0.25237839608636414,0.23189287888009738
fault_spacing_family,normalized_margin_3D,"(0.3, 0.4]",1212,0.34618934930431566,0.36386138613861385
fault_spacing_family,normalized_margin_3D,"(0.4, 0.5]",753,0.4409047066891461,0.44223107569721115
fault_spacing_family,normalized_margin_3D,"(0.5, 0.6]",827,0.5473695467134796,0.4873035066505441
fault_spacing_family,normalized_margin_3D,"(0.6, 0.7]",704,0.6586438584498602,0.7244318181818182
fault_spacing_family,normalized_margin_3D,"(0.7, 0.8]",871,0.7470945579141788,0.6486796785304249
fault_spacing_family,normalized_margin_3D,"(0.8, 0.9]",908,0.850313082056639,0.5980176211453745
fault_spacing_family,normalized_margin_3D,"(0.9, 1.0]",10427,0.9920072945724685,0.9922317061475017
perturbation_family,DSI_2D,"(-0.001, 0.1]",1223,0.0220900617853731,0.14799672935404742
perturbation_family,DSI_2D,"(0.1, 0.2]",308,0.15479467224423551,0.2564935064935065
perturbation_family,DSI_2D,"(0.2, 0.3]",259,0.24777066281651555,0.2471042471042471
perturbation_family,DSI_2D,"(0.3, 0.4]",302,0.3530404985548804,0.2152317880794702
perturbation_family,DSI_2D,"(0.4, 0.5]",389,0.45574464322929054,0.30077120822622105
perturbation_family,DSI_2D,"(0.5, 0.6]",382,0.54741327017596,0.43455497382198954
perturbation_family,DSI_2D,"(0.6, 0.7]",668,0.6508409201435764,0.47305389221556887
perturbation_family,DSI_2D,"(0.7, 0.8]",1387,0.7545708519470982,0.45061283345349673
perturbation_family,DSI_2D,"(0.8, 0.9]",8111,0.8743933643131186,0.8780668228331895
perturbation_family,DSI_2D,"(0.9, 1.0]",4971,0.9052279848099088,1.0
perturbation_family,DSI_3D,"(-0.001, 0.1]",1223,0.0220900617853731,0.14799672935404742
perturbation_family,DSI_3D,"(0.1, 0.2]",308,0.15479467224423551,0.2564935064935065
perturbation_family,DSI_3D,"(0.2, 0.3]",259,0.24777066281651555,0.2471042471042471
perturbation_family,DSI_3D,"(0.3, 0.4]",302,0.3530404985548804,0.2152317880794702
perturbation_family,DSI_3D,"(0.4, 0.5]",389,0.45574464322929054,0.30077120822622105
perturbation_family,DSI_3D,"(0.5, 0.6]",382,0.54741327017596,0.43455497382198954
perturbation_family,DSI_3D,"(0.6, 0.7]",668,0.6508409201435764,0.47305389221556887
perturbation_family,DSI_3D,"(0.7, 0.8]",1387,0.7545708519470982,0.45061283345349673
perturbation_family,DSI_3D,"(0.8, 0.9]",8111,0.8743933643131186,0.8780668228331895
perturbation_family,DSI_3D,"(0.9, 1.0]",4971,0.9052279848099088,1.0
perturbation_family,distance_diff_2D,"(-0.001, 0.1]",2870,0.013675846521282802,0.08745644599303136
perturbation_family,distance_diff_2D,"(0.1, 0.2]",258,0.14308388709248462,0.44573643410852715
perturbation_family,distance_diff_2D,"(0.2, 0.3]",273,0.25272100242289414,0.4652014652014652
perturbation_family,distance_diff_2D,"(0.3, 0.4]",279,0.3535823342246622,0.31899641577060933
perturbation_family,distance_diff_2D,"(0.4, 0.5]",275,0.4501012733142688,0.2690909090909091
perturbation_family,distance_diff_2D,"(0.5, 0.6]",325,0.5446391843219194,0.38461538461538464
perturbation_family,distance_diff_2D,"(0.6, 0.7]",379,0.6532459019030216,0.44327176781002636
perturbation_family,distance_diff_2D,"(0.7, 0.8]",425,0.7569158602302217,0.691764705882353
perturbation_family,distance_diff_2D,"(0.8, 0.9]",869,0.8581341753639419,0.7008055235903338
perturbation_family,distance_diff_2D,"(0.9, 1.0]",12047,0.9835178337876845,0.9839794139619822
perturbation_family,distance_diff_3D,"(-0.001, 0.1]",2870,0.013675846521282802,0.08745644599303136
perturbation_family,distance_diff_3D,"(0.1, 0.2]",258,0.14308388709248462,0.44573643410852715
perturbation_family,distance_diff_3D,"(0.2, 0.3]",273,0.25272100242289414,0.4652014652014652
perturbation_family,distance_diff_3D,"(0.3, 0.4]",279,0.3535823342246622,0.31899641577060933
perturbation_family,distance_diff_3D,"(0.4, 0.5]",275,0.4501012733142688,0.2690909090909091
perturbation_family,distance_diff_3D,"(0.5, 0.6]",325,0.5446391843219194,0.38461538461538464
perturbation_family,distance_diff_3D,"(0.6, 0.7]",379,0.6532459019030216,0.44327176781002636
perturbation_family,distance_diff_3D,"(0.7, 0.8]",425,0.7569158602302217,0.691764705882353
perturbation_family,distance_diff_3D,"(0.8, 0.9]",869,0.8581341753639419,0.7008055235903338
perturbation_family,distance_diff_3D,"(0.9, 1.0]",12047,0.9835178337876845,0.9839794139619822
perturbation_family,normalized_margin_2D,"(-0.001, 0.1]",123,0.09026728486258642,0.12195121951219512
perturbation_family,normalized_margin_2D,"(0.1, 0.2]",1245,0.15615955201703638,0.25783132530120484
perturbation_family,normalized_margin_2D,"(0.2, 0.3]",1610,0.24914580862308647,0.2565217391304348
perturbation_family,normalized_margin_2D,"(0.3, 0.4]",876,0.350864011707041,0.4280821917808219
perturbation_family,normalized_margin_2D,"(0.4, 0.5]",828,0.4488699724467858,0.36835748792270534
perturbation_family,normalized_margin_2D,"(0.5, 0.6]",474,0.5481436911479595,0.6413502109704642
perturbation_family,normalized_margin_2D,"(0.6, 0.7]",698,0.6565688769661976,0.7550143266475645
perturbation_family,normalized_margin_2D,"(0.7, 0.8]",1012,0.7512371432710482,0.5464426877470355
perturbation_family,normalized_margin_2D,"(0.8, 0.9]",734,0.8465724282617849,0.7465940054495913
perturbation_family,normalized_margin_2D,"(0.9, 1.0]",10400,0.9922568785471322,0.9947115384615385
perturbation_family,normalized_margin_3D,"(-0.001, 0.1]",123,0.09026728486258642,0.12195121951219512
perturbation_family,normalized_margin_3D,"(0.1, 0.2]",1245,0.15615955201703638,0.25783132530120484
perturbation_family,normalized_margin_3D,"(0.2, 0.3]",1610,0.24914580862308647,0.2565217391304348
perturbation_family,normalized_margin_3D,"(0.3, 0.4]",876,0.350864011707041,0.4280821917808219
perturbation_family,normalized_margin_3D,"(0.4, 0.5]",828,0.4488699724467858,0.36835748792270534
perturbation_family,normalized_margin_3D,"(0.5, 0.6]",474,0.5481436911479595,0.6413502109704642
perturbation_family,normalized_margin_3D,"(0.6, 0.7]",698,0.6565688769661976,0.7550143266475645
perturbation_family,normalized_margin_3D,"(0.7, 0.8]",1012,0.7512371432710482,0.5464426877470355
perturbation_family,normalized_margin_3D,"(0.8, 0.9]",734,0.8465724282617849,0.7465940054495913
perturbation_family,normalized_margin_3D,"(0.9, 1.0]",10400,0.9922568785471322,0.9947115384615385
